ds,id_pais,pred_neutro,pred_kpi2,pred_kpi3,pred_kpi4
2000-01-01,ATG,74.6058,74.6058,74.6058,74.6058
2001-01-01,ATG,75.07810000000002,75.07810000000002,75.07810000000002,75.07810000000002
2002-01-01,ATG,75.5357,75.5357,75.5357,75.5357
2003-01-01,ATG,75.4778,75.4778,75.4778,75.4778
2004-01-01,ATG,75.67210000000001,75.67210000000001,75.67210000000001,75.67210000000001
2005-01-01,ATG,75.82540000000002,75.82540000000002,75.82540000000002,75.82540000000002
2006-01-01,ATG,75.76470000000002,75.76470000000002,75.76470000000002,75.76470000000002
2007-01-01,ATG,76.13110000000002,76.13110000000002,76.13110000000002,76.13110000000002
2008-01-01,ATG,76.4103,76.4103,76.4103,76.4103
2009-01-01,ATG,76.66940000000001,76.66940000000001,76.66940000000001,76.66940000000001
2010-01-01,ATG,76.81950000000002,76.81950000000002,76.81950000000002,76.81950000000002
2011-01-01,ATG,77.10380000000004,77.10380000000004,77.10380000000004,77.10380000000004
2012-01-01,ATG,77.35020000000002,77.35020000000002,77.35020000000002,77.35020000000002
2013-01-01,ATG,77.58340000000001,77.58340000000001,77.58340000000001,77.58340000000001
2014-01-01,ATG,77.85770000000002,77.85770000000002,77.85770000000002,77.85770000000002
2015-01-01,ATG,77.91270000000003,77.91270000000003,77.91270000000003,77.91270000000003
2016-01-01,ATG,78.15160000000003,78.15160000000003,78.15160000000003,78.15160000000003
2017-01-01,ATG,78.26830000000001,78.26830000000001,78.26830000000001,78.26830000000001
2018-01-01,ATG,78.51120000000003,78.51120000000003,78.51120000000003,78.51120000000003
2019-01-01,ATG,78.69120000000001,78.69120000000001,78.69120000000001,78.69120000000001
2019-12-31,ATG,79.03457112919872,78.88732339037546,78.83279382683722,-13507.563435306885
2020-12-31,ATG,79.2222840359706,79.08503730218968,79.03050773865144,-13507.368574550197
2021-12-31,ATG,79.45255865893003,79.32323656143544,79.26870699789721,-13507.130819324391
2022-12-31,ATG,79.68183354688692,79.56717023693285,79.51264067339461,-13506.896862465564
2023-12-31,ATG,79.90631865137202,79.79744623826107,79.74291667472285,-13506.671144106058
2024-12-31,ATG,80.11964479590088,80.02326750634452,79.96873794280629,-13506.455705815386
2025-12-31,ATG,80.31836582948172,80.24039496759967,80.18586540406143,-13506.264417282351
2000-01-01,ARG,74.02400950203247,74.02400950203247,74.02400950203247,74.02400950203247
2001-01-01,ARG,74.12116541930062,74.12116541930062,74.12116541930062,74.12116541930062
2002-01-01,ARG,74.21614289928898,74.21614289928898,74.21614289928898,74.21614289928898
2003-01-01,ARG,74.37617543628166,74.37617543628166,74.37617543628166,74.37617543628166
2004-01-01,ARG,74.73646762884557,74.73646762884557,74.73646762884557,74.73646762884557
2005-01-01,ARG,75.10145419551108,75.10145419551108,75.10145419551108,75.10145419551108
2006-01-01,ARG,75.41363424623395,75.41363424623395,75.41363424623395,75.41363424623395
2007-01-01,ARG,75.09998840730968,75.09998840730968,75.09998840730968,75.09998840730968
2008-01-01,ARG,75.47169588488157,75.47169588488157,75.47169588488157,75.47169588488157
2009-01-01,ARG,75.90775416684352,75.90775416684352,75.90775416684352,75.90775416684352
2010-01-01,ARG,75.92812307182163,75.92812307182163,75.92812307182163,75.92812307182163
2011-01-01,ARG,76.20609055242129,76.20609055242129,76.20609055242129,76.20609055242129
2012-01-01,ARG,76.35701471990586,76.35701471990586,76.35701471990586,76.35701471990586
2013-01-01,ARG,76.45212331805078,76.45212331805078,76.45212331805078,76.45212331805078
2014-01-01,ARG,76.52442997039923,76.52442997039923,76.52442997039923,76.52442997039923
2015-01-01,ARG,76.71619511447778,76.71619511447778,76.71619511447778,76.71619511447778
2016-01-01,ARG,76.74664990610593,76.74664990610593,76.74664990610593,76.74664990610593
2017-01-01,ARG,76.78685242840791,76.78685242840791,76.78685242840791,76.78685242840791
2018-01-01,ARG,76.97655474843671,76.97655474843671,76.97655474843671,76.97655474843671
2019-01-01,ARG,77.18916702050883,77.18916702050883,77.18916702050883,77.18916702050883
2019-12-31,ARG,79.46431435164139,79.45520720874403,79.4808969837233,77.99304111267183
2020-12-31,ARG,79.73892383820498,79.72779926772904,79.75348904270832,78.28945459883785
2021-12-31,ARG,80.01811654641503,80.00756628334538,80.03325605832465,78.59624242764703
2022-12-31,ARG,80.31599470093026,80.30726930705924,80.33295908203851,78.91802464616578
2023-12-31,ARG,80.6442520196901,80.6349700084584,80.66065978343767,79.26711210710646
2024-12-31,ARG,80.9558380921954,80.94978728296476,80.97547705794403,79.59457313098027
2025-12-31,ARG,81.28346831952005,81.27677052385266,81.30246029883193,79.93969896184026
2000-01-01,BRB,74.0891,74.0891,74.0891,74.0891
2001-01-01,BRB,74.24669999999999,74.24669999999999,74.24669999999999,74.24669999999999
2002-01-01,BRB,74.36559999999999,74.36559999999999,74.36559999999999,74.36559999999999
2003-01-01,BRB,74.47169999999998,74.47169999999998,74.47169999999998,74.47169999999998
2004-01-01,BRB,74.7268,74.7268,74.7268,74.7268
2005-01-01,BRB,74.89009999999995,74.89009999999995,74.89009999999995,74.89009999999995
2006-01-01,BRB,75.06830000000001,75.06830000000001,75.06830000000001,75.06830000000001
2007-01-01,BRB,75.34239999999998,75.34239999999998,75.34239999999998,75.34239999999998
2008-01-01,BRB,75.44709999999998,75.44709999999998,75.44709999999998,75.44709999999998
2009-01-01,BRB,75.67800000000003,75.67800000000003,75.67800000000003,75.67800000000003
2010-01-01,BRB,75.71150000000002,75.71150000000002,75.71150000000002,75.71150000000002
2011-01-01,BRB,75.91660000000002,75.91660000000002,75.91660000000002,75.91660000000002
2012-01-01,BRB,76.09869999999997,76.09869999999997,76.09869999999997,76.09869999999997
2013-01-01,BRB,76.27520000000005,76.27520000000005,76.27520000000005,76.27520000000005
2014-01-01,BRB,76.47580000000005,76.47580000000005,76.47580000000005,76.47580000000005
2015-01-01,BRB,76.65020000000007,76.65020000000007,76.65020000000007,76.65020000000007
2016-01-01,BRB,76.81490000000007,76.81490000000007,76.81490000000007,76.81490000000007
2017-01-01,BRB,76.93600000000005,76.93600000000005,76.93600000000005,76.93600000000005
2018-01-01,BRB,77.067,77.067,77.067,77.067
2019-01-01,BRB,77.25690000000003,77.25690000000003,77.25690000000003,77.25690000000003
2019-12-31,BRB,77.28625667779542,77.17133816003343,77.08426770971639,1468.614452001103
2020-12-31,BRB,77.48724980125996,77.38148570260809,77.29441525229105,1468.814393788446
2021-12-31,BRB,77.67583771109094,77.57297072221989,77.48590027190285,1469.0023013101775
2022-12-31,BRB,77.81477850878194,77.72509693166141,77.63802648134437,1469.1396051080862
2023-12-31,BRB,77.97170895155516,77.87467044831217,77.78759999799513,1469.2950198964604
2024-12-31,BRB,78.11907533891824,78.02943969573988,77.94236924542284,1469.4411954977088
2025-12-31,BRB,78.26023310146849,78.19617134469081,78.10910089437377,1469.5805565080898
2000-01-01,BLZ,68.56449999999998,68.56449999999998,68.56449999999998,68.56449999999998
2001-01-01,BLZ,68.3572,68.3572,68.3572,68.3572
2002-01-01,BLZ,68.7521,68.7521,68.7521,68.7521
2003-01-01,BLZ,68.90909999999998,68.90909999999998,68.90909999999998,68.90909999999998
2004-01-01,BLZ,69.227,69.227,69.227,69.227
2005-01-01,BLZ,69.37569999999998,69.37569999999998,69.37569999999998,69.37569999999998
2006-01-01,BLZ,70.0932,70.0932,70.0932,70.0932
2007-01-01,BLZ,70.6549,70.6549,70.6549,70.6549
2008-01-01,BLZ,71.15070000000001,71.15070000000001,71.15070000000001,71.15070000000001
2009-01-01,BLZ,71.8186,71.8186,71.8186,71.8186
2010-01-01,BLZ,72.2716,72.2716,72.2716,72.2716
2011-01-01,BLZ,72.6512,72.6512,72.6512,72.6512
2012-01-01,BLZ,73.24500000000002,73.24500000000002,73.24500000000002,73.24500000000002
2013-01-01,BLZ,73.66610000000003,73.66610000000003,73.66610000000003,73.66610000000003
2014-01-01,BLZ,73.31070000000001,73.31070000000001,73.31070000000001,73.31070000000001
2015-01-01,BLZ,73.1866,73.1866,73.1866,73.1866
2016-01-01,BLZ,73.3988,73.3988,73.3988,73.3988
2017-01-01,BLZ,73.56240000000001,73.56240000000001,73.56240000000001,73.56240000000001
2018-01-01,BLZ,73.70310000000003,73.70310000000003,73.70310000000003,73.70310000000003
2019-01-01,BLZ,73.9313,73.9313,73.9313,73.9313
2019-12-31,BLZ,74.23993595187494,74.64576677774775,74.5971792791462,90.276214661223
2020-12-31,BLZ,74.45251957170626,74.8371947015659,74.78860720296436,90.4837322421011
2021-12-31,BLZ,74.65286639710064,75.00705419972064,74.9584667011191,90.68240044075205
2022-12-31,BLZ,74.83750765791022,75.1760392355167,75.12745173691515,90.86323337549838
2023-12-31,BLZ,75.02472952704447,75.34583332292442,75.29724582432287,91.0498077951443
2024-12-31,BLZ,75.22253932933906,75.52959263429607,75.48100513569452,91.24513606288248
2025-12-31,BLZ,75.41062375694486,75.70149460230587,75.65290710370432,91.43101692612038
2000-01-01,BOL,62.35031923939785,62.35031923939785,62.35031923939785,62.35031923939785
2001-01-01,BOL,62.838534246394346,62.838534246394346,62.838534246394346,62.838534246394346
2002-01-01,BOL,63.300411751455975,63.300411751455975,63.300411751455975,63.300411751455975
2003-01-01,BOL,63.643052493793505,63.643052493793505,63.643052493793505,63.643052493793505
2004-01-01,BOL,63.99625497152666,63.99625497152666,63.99625497152666,63.99625497152666
2005-01-01,BOL,64.39989177353486,64.39989177353486,64.39989177353486,64.39989177353486
2006-01-01,BOL,64.76163319710112,64.76163319710112,64.76163319710112,64.76163319710112
2007-01-01,BOL,65.04014820649671,65.04014820649671,65.04014820649671,65.04014820649671
2008-01-01,BOL,65.44537789035347,65.44537789035347,65.44537789035347,65.44537789035347
2009-01-01,BOL,65.86734812347993,65.86734812347993,65.86734812347993,65.86734812347993
2010-01-01,BOL,66.18000585877166,66.18000585877166,66.18000585877166,66.18000585877166
2011-01-01,BOL,66.51617058911269,66.51617058911269,66.51617058911269,66.51617058911269
2012-01-01,BOL,66.72212494673383,66.72212494673383,66.72212494673383,66.72212494673383
2013-01-01,BOL,67.01185142823088,67.01185142823088,67.01185142823088,67.01185142823088
2014-01-01,BOL,67.15739214781506,67.15739214781506,67.15739214781506,67.15739214781506
2015-01-01,BOL,67.38844335810471,67.38844335810471,67.38844335810471,67.38844335810471
2016-01-01,BOL,67.55572301340341,67.55572301340341,67.55572301340341,67.55572301340341
2017-01-01,BOL,67.70004705793131,67.70004705793131,67.70004705793131,67.70004705793131
2018-01-01,BOL,67.710975245025,67.710975245025,67.710975245025,67.710975245025
2019-01-01,BOL,67.88709459696778,67.88709459696778,67.88709459696778,67.88709459696778
2019-12-31,BOL,69.01828330124943,69.29202894168664,69.27260532229592,69.14003317545946
2020-12-31,BOL,69.24970098995378,69.50951286712971,69.49008924773901,69.37005999861472
2021-12-31,BOL,69.47864402115114,69.72355075476221,69.70412713537151,69.59774102929227
2022-12-31,BOL,69.71348913828486,69.93941521780457,69.91999159841386,69.83114140827198
2023-12-31,BOL,69.96035230886885,70.16489533051863,70.14547171112793,70.07649083620592
2024-12-31,BOL,70.19123419136606,70.3737901398994,70.35436652050869,70.30681412945844
2025-12-31,BOL,70.40869655724761,70.56730026942422,70.5478766500335,70.52385998587286
2000-01-01,BRA,69.73670000000001,69.73670000000001,69.73670000000001,69.73670000000001
2001-01-01,BRA,70.19490000000002,70.19490000000002,70.19490000000002,70.19490000000002
2002-01-01,BRA,70.41029999999996,70.41029999999996,70.41029999999996,70.41029999999996
2003-01-01,BRA,70.7204,70.7204,70.7204,70.7204
2004-01-01,BRA,71.13070000000002,71.13070000000002,71.13070000000002,71.13070000000002
2005-01-01,BRA,71.75329999999998,71.75329999999998,71.75329999999998,71.75329999999998
2006-01-01,BRA,72.03729999999996,72.03729999999996,72.03729999999996,72.03729999999996
2007-01-01,BRA,72.36529999999995,72.36529999999995,72.36529999999995,72.36529999999995
2008-01-01,BRA,72.71530000000001,72.71530000000001,72.71530000000001,72.71530000000001
2009-01-01,BRA,72.94840000000002,72.94840000000002,72.94840000000002,72.94840000000002
2010-01-01,BRA,73.1821,73.1821,73.1821,73.1821
2011-01-01,BRA,73.34320000000001,73.34320000000001,73.34320000000001,73.34320000000001
2012-01-01,BRA,73.5517,73.5517,73.5517,73.5517
2013-01-01,BRA,73.91849999999994,73.91849999999994,73.91849999999994,73.91849999999994
2014-01-01,BRA,74.30579999999996,74.30579999999996,74.30579999999996,74.30579999999996
2015-01-01,BRA,74.3325,74.3325,74.3325,74.3325
2016-01-01,BRA,74.44149999999999,74.44149999999999,74.44149999999999,74.44149999999999
2017-01-01,BRA,74.82660000000001,74.82660000000001,74.82660000000001,74.82660000000001
2018-01-01,BRA,75.10949999999997,75.10949999999997,75.10949999999997,75.10949999999997
2019-01-01,BRA,75.3379,75.3379,75.3379,75.3379
2019-12-31,BRA,73.67825025149367,72.75422996662233,72.41909125368811,63.66787801225444
2020-12-31,BRA,73.82523441075249,72.868910785182,72.53377207224777,63.50700223980864
2021-12-31,BRA,73.93445758386432,72.97451425449178,72.63937554155754,63.25531187343845
2022-12-31,BRA,73.96374288722251,72.95688998712887,72.62175127419465,62.991827615554556
2023-12-31,BRA,74.03503728515993,72.90601834238365,72.57087962944941,62.78087702340458
2024-12-31,BRA,74.09873739521475,72.90488739299963,72.5697486800654,62.57947710337901
2025-12-31,BRA,74.20595425763175,73.03267120138867,72.69753248845444,62.418741894537625
2000-01-01,CAN,79.23350000000002,79.23350000000002,79.23350000000002,79.23350000000002
2001-01-01,CAN,79.4507,79.4507,79.4507,79.4507
2002-01-01,CAN,79.56800000000001,79.56800000000001,79.56800000000001,79.56800000000001
2003-01-01,CAN,79.7396,79.7396,79.7396,79.7396
2004-01-01,CAN,80.03320000000001,80.03320000000001,80.03320000000001,80.03320000000001
2005-01-01,CAN,80.1364,80.1364,80.1364,80.1364
2006-01-01,CAN,80.5466,80.5466,80.5466,80.5466
2007-01-01,CAN,80.5495,80.5495,80.5495,80.5495
2008-01-01,CAN,80.7388,80.7388,80.7388,80.7388
2009-01-01,CAN,81.0737,81.0737,81.0737,81.0737
2010-01-01,CAN,81.3469,81.3469,81.3469,81.3469
2011-01-01,CAN,81.52859999999998,81.52859999999998,81.52859999999998,81.52859999999998
2012-01-01,CAN,81.72209999999998,81.72209999999998,81.72209999999998,81.72209999999998
2013-01-01,CAN,81.80289999999998,81.80289999999998,81.80289999999998,81.80289999999998
2014-01-01,CAN,81.85449999999999,81.85449999999999,81.85449999999999,81.85449999999999
2015-01-01,CAN,81.9246,81.9246,81.9246,81.9246
2016-01-01,CAN,82.04339999999999,82.04339999999999,82.04339999999999,82.04339999999999
2017-01-01,CAN,82.0192,82.0192,82.0192,82.0192
2018-01-01,CAN,82.05079999999998,82.05079999999998,82.05079999999998,82.05079999999998
2019-01-01,CAN,82.36279999999998,82.36279999999998,82.36279999999998,82.36279999999998
2019-12-31,CAN,82.8923900657628,82.8247414402332,82.75544390005447,81.05123480542679
2020-12-31,CAN,83.02817468870093,82.96118977569179,82.89189223551308,81.10568930083762
2021-12-31,CAN,83.14780485535138,83.08133665627427,83.01203911609556,81.14004385117693
2022-12-31,CAN,83.22043814790187,83.1561074649475,83.08680992476877,81.154020607891
2023-12-31,CAN,83.31644306929655,83.25181979979178,83.18252225961305,81.16117954949051
2024-12-31,CAN,83.4440364037082,83.38366251320643,83.31436497302771,81.19317151080675
2025-12-31,CAN,83.55742423315928,83.4942537792813,83.42495623910257,81.27524475657535
2000-01-01,CHL,76.78680823364913,76.78680823364913,76.78680823364913,76.78680823364913
2001-01-01,CHL,76.99176461349663,76.99176461349663,76.99176461349663,76.99176461349663
2002-01-01,CHL,77.2527223856564,77.2527223856564,77.2527223856564,77.2527223856564
2003-01-01,CHL,77.43705189667286,77.43705189667286,77.43705189667286,77.43705189667286
2004-01-01,CHL,77.70849488234394,77.70849488234394,77.70849488234394,77.70849488234394
2005-01-01,CHL,77.91059081071418,77.91059081071418,77.91059081071418,77.91059081071418
2006-01-01,CHL,78.12736401698135,78.12736401698135,78.12736401698135,78.12736401698135
2007-01-01,CHL,78.1428148980037,78.1428148980037,78.1428148980037,78.1428148980037
2008-01-01,CHL,78.31304516586306,78.31304516586306,78.31304516586306,78.31304516586306
2009-01-01,CHL,78.61663075276,78.61663075276,78.61663075276,78.61663075276
2010-01-01,CHL,78.637975465354,78.637975465354,78.637975465354,78.637975465354
2011-01-01,CHL,79.14138783565305,79.14138783565305,79.14138783565305,79.14138783565305
2012-01-01,CHL,79.07197162086429,79.07197162086429,79.07197162086429,79.07197162086429
2013-01-01,CHL,79.24996193409993,79.24996193409993,79.24996193409993,79.24996193409993
2014-01-01,CHL,79.45462224717457,79.45462224717457,79.45462224717457,79.45462224717457
2015-01-01,CHL,79.75435700975325,79.75435700975325,79.75435700975325,79.75435700975325
2016-01-01,CHL,80.11428902266967,80.11428902266967,80.11428902266967,80.11428902266967
2017-01-01,CHL,80.23083718875387,80.23083718875387,80.23083718875387,80.23083718875387
2018-01-01,CHL,80.25602754774474,80.25602754774474,80.25602754774474,80.25602754774474
2019-01-01,CHL,80.298140028958,80.298140028958,80.298140028958,80.298140028958
2019-12-31,CHL,80.55039732558528,80.96060625246552,81.12466382175757,81.38024451875364
2020-12-31,CHL,80.66319530199954,81.04801606101681,81.21207363030884,81.44642409562232
2021-12-31,CHL,80.81661464162254,81.17712605876585,81.34118362805789,81.56498199299745
2022-12-31,CHL,80.9904797153281,81.3282648563477,81.49232242563974,81.70656487329074
2023-12-31,CHL,81.17788670371739,81.49200016115208,81.6560577304441,81.85176545244276
2024-12-31,CHL,81.34711349370431,81.63689324687869,81.80095081617073,81.98091706563727
2025-12-31,CHL,81.45864104431918,81.72248775858694,81.88654532787898,82.07376365808462
2000-01-01,COL,71.32010000000001,71.32010000000001,71.32010000000001,71.32010000000001
2001-01-01,COL,71.50199999999997,71.50199999999997,71.50199999999997,71.50199999999997
2002-01-01,COL,71.93890000000002,71.93890000000002,71.93890000000002,71.93890000000002
2003-01-01,COL,72.36059999999996,72.36059999999996,72.36059999999996,72.36059999999996
2004-01-01,COL,72.69509999999998,72.69509999999998,72.69509999999998,72.69509999999998
2005-01-01,COL,73.08140000000006,73.08140000000006,73.08140000000006,73.08140000000006
2006-01-01,COL,73.46799999999999,73.46799999999999,73.46799999999999,73.46799999999999
2007-01-01,COL,73.83720000000004,73.83720000000004,73.83720000000004,73.83720000000004
2008-01-01,COL,74.29500000000002,74.29500000000002,74.29500000000002,74.29500000000002
2009-01-01,COL,74.74180000000004,74.74180000000004,74.74180000000004,74.74180000000004
2010-01-01,COL,75.03269999999999,75.03269999999999,75.03269999999999,75.03269999999999
2011-01-01,COL,75.3198,75.3198,75.3198,75.3198
2012-01-01,COL,75.59730000000003,75.59730000000003,75.59730000000003,75.59730000000003
2013-01-01,COL,75.82670000000002,75.82670000000002,75.82670000000002,75.82670000000002
2014-01-01,COL,76.04270000000002,76.04270000000002,76.04270000000002,76.04270000000002
2015-01-01,COL,76.25730000000003,76.25730000000003,76.25730000000003,76.25730000000003
2016-01-01,COL,76.47130000000001,76.47130000000001,76.47130000000001,76.47130000000001
2017-01-01,COL,76.64560000000002,76.64560000000002,76.64560000000002,76.64560000000002
2018-01-01,COL,76.74790000000003,76.74790000000003,76.74790000000003,76.74790000000003
2019-01-01,COL,76.75230000000003,76.75230000000003,76.75230000000003,76.75230000000003
2019-12-31,COL,76.54594304590383,77.02916242335607,77.31106786764198,75.76289305080506
2020-12-31,COL,76.69155264898566,77.14247494185655,77.42438038614246,75.8570690726644
2021-12-31,COL,76.81964513635961,77.25293692935767,77.53484237364357,75.93997289127766
2022-12-31,COL,76.93701337383035,77.36018215507146,77.64208759935737,76.01891934912838
2023-12-31,COL,77.06317410834913,77.47123220636398,77.75313765064988,76.10667939017594
2024-12-31,COL,77.17760422017733,77.56358442698085,77.84548987126676,76.20016696051964
2025-12-31,COL,77.27342080710957,77.62873139740861,77.91063684169451,76.29772997030705
2000-01-01,CRI,77.5857,77.5857,77.5857,77.5857
2001-01-01,CRI,77.54529999999998,77.54529999999998,77.54529999999998,77.54529999999998
2002-01-01,CRI,77.9833,77.9833,77.9833,77.9833
2003-01-01,CRI,78.072,78.072,78.072,78.072
2004-01-01,CRI,78.3305,78.3305,78.3305,78.3305
2005-01-01,CRI,78.50529999999999,78.50529999999999,78.50529999999999,78.50529999999999
2006-01-01,CRI,78.5145,78.5145,78.5145,78.5145
2007-01-01,CRI,78.46209999999999,78.46209999999999,78.46209999999999,78.46209999999999
2008-01-01,CRI,78.44509999999998,78.44509999999998,78.44509999999998,78.44509999999998
2009-01-01,CRI,78.6721,78.6721,78.6721,78.6721
2010-01-01,CRI,78.6704,78.6704,78.6704,78.6704
2011-01-01,CRI,79.34769999999999,79.34769999999999,79.34769999999999,79.34769999999999
2012-01-01,CRI,79.28269999999999,79.28269999999999,79.28269999999999,79.28269999999999
2013-01-01,CRI,79.40339999999999,79.40339999999999,79.40339999999999,79.40339999999999
2014-01-01,CRI,78.77410000000002,78.77410000000002,78.77410000000002,78.77410000000002
2015-01-01,CRI,79.0857,79.0857,79.0857,79.0857
2016-01-01,CRI,79.45920000000001,79.45920000000001,79.45920000000001,79.45920000000001
2017-01-01,CRI,79.3769,79.3769,79.3769,79.3769
2018-01-01,CRI,79.48350000000002,79.48350000000002,79.48350000000002,79.48350000000002
2019-01-01,CRI,79.4272,79.4272,79.4272,79.4272
2019-12-31,CRI,80.208213334229,80.18769160905468,80.188135728544,-11.840324814123306
2020-12-31,CRI,80.06027184777294,80.04018161956581,80.04062573905513,-11.667701277752158
2021-12-31,CRI,80.0933634719508,80.07349302762071,80.07393714711003,-11.28862272465652
2022-12-31,CRI,80.19064225194047,80.17141328928545,80.17185740877477,-10.869064550039809
2023-12-31,CRI,80.3318836678382,80.31308107984502,80.31352519933434,-10.455599100091561
2024-12-31,CRI,80.47134996489467,80.4527719033222,80.45321602281152,-10.011119606072171
2025-12-31,CRI,80.53270070194701,80.5147622600411,80.51520637953041,-9.87770064513225
2000-01-01,CUB,76.18310000000001,76.18310000000001,76.18310000000001,76.18310000000001
2001-01-01,CUB,76.42080000000004,76.42080000000004,76.42080000000004,76.42080000000004
2002-01-01,CUB,76.61239999999992,76.61239999999992,76.61239999999992,76.61239999999992
2003-01-01,CUB,76.77290000000009,76.77290000000009,76.77290000000009,76.77290000000009
2004-01-01,CUB,76.9116,76.9116,76.9116,76.9116
2005-01-01,CUB,77.04690000000002,77.04690000000002,77.04690000000002,77.04690000000002
2006-01-01,CUB,77.17879999999998,77.17879999999998,77.17879999999998,77.17879999999998
2007-01-01,CUB,77.30719999999994,77.30719999999994,77.30719999999994,77.30719999999994
2008-01-01,CUB,77.4294,77.4294,77.4294,77.4294
2009-01-01,CUB,77.54830000000003,77.54830000000003,77.54830000000003,77.54830000000003
2010-01-01,CUB,77.66100000000003,77.66100000000003,77.66100000000003,77.66100000000003
2011-01-01,CUB,77.7597,77.7597,77.7597,77.7597
2012-01-01,CUB,77.83280000000005,77.83280000000005,77.83280000000005,77.83280000000005
2013-01-01,CUB,77.86979999999993,77.86979999999993,77.86979999999993,77.86979999999993
2014-01-01,CUB,77.85330000000005,77.85330000000005,77.85330000000005,77.85330000000005
2015-01-01,CUB,77.77199999999998,77.77199999999998,77.77199999999998,77.77199999999998
2016-01-01,CUB,77.64300000000006,77.64300000000006,77.64300000000006,77.64300000000006
2017-01-01,CUB,77.52859999999991,77.52859999999991,77.52859999999991,77.52859999999991
2018-01-01,CUB,77.4962000000001,77.4962000000001,77.4962000000001,77.4962000000001
2019-01-01,CUB,77.61120000000007,77.61120000000007,77.61120000000007,77.61120000000007
2019-12-31,CUB,78.55113086085655,78.481251505357,78.48460305045644,66.99836359028373
2020-12-31,CUB,78.61095111437312,78.54498805757254,78.54833960267199,67.06791104216482
2021-12-31,CUB,78.66371001483908,78.60156961200994,78.60492115710939,67.12852868361333
2022-12-31,CUB,78.70567877825759,78.64936192336799,78.65271346846743,67.17802690818827
2023-12-31,CUB,78.75375124375637,78.6999959980626,78.70334754316205,67.23160426564021
2024-12-31,CUB,78.79535106787108,78.7453026739347,78.74865421903415,67.27754649350733
2025-12-31,CUB,78.85249197112482,78.80927181835611,78.81262336345554,67.3299634238692
2000-01-01,DMA,72.65925309615211,72.65925309615211,72.65925309615211,72.65925309615211
2001-01-01,DMA,72.85776308252622,72.85776308252622,72.85776308252622,72.85776308252622
2002-01-01,DMA,71.42815678079721,71.42815678079721,71.42815678079721,71.42815678079721
2003-01-01,DMA,72.19852722759991,72.19852722759991,72.19852722759991,72.19852722759991
2004-01-01,DMA,71.69965803576476,71.69965803576476,71.69965803576476,71.69965803576476
2005-01-01,DMA,71.67424923371716,71.67424923371716,71.67424923371716,71.67424923371716
2006-01-01,DMA,72.22628202032664,72.22628202032664,72.22628202032664,72.22628202032664
2007-01-01,DMA,72.42688794037679,72.42688794037679,72.42688794037679,72.42688794037679
2008-01-01,DMA,73.46416268806566,73.46416268806566,73.46416268806566,73.46416268806566
2009-01-01,DMA,72.2305814332017,72.2305814332017,72.2305814332017,72.2305814332017
2010-01-01,DMA,71.24387982412932,71.24387982412932,71.24387982412932,71.24387982412932
2011-01-01,DMA,70.83289883961898,70.83289883961898,70.83289883961898,70.83289883961898
2012-01-01,DMA,69.12613420631142,69.12613420631142,69.12613420631142,69.12613420631142
2013-01-01,DMA,69.77136583872594,69.77136583872594,69.77136583872594,69.77136583872594
2014-01-01,DMA,69.36466035318423,69.36466035318423,69.36466035318423,69.36466035318423
2015-01-01,DMA,68.3389260481926,68.3389260481926,68.3389260481926,68.3389260481926
2016-01-01,DMA,69.9938913781478,69.9938913781478,69.9938913781478,69.9938913781478
2017-01-01,DMA,69.20171361609661,69.20171361609661,69.20171361609661,69.20171361609661
2018-01-01,DMA,72.43243959137394,72.43243959137394,72.43243959137394,72.43243959137394
2019-01-01,DMA,73.541357367973,73.541357367973,73.541357367973,73.541357367973
2019-12-31,DMA,66.3571668906115,66.2083614297472,66.21988202617058,-62383.85248396733
2020-12-31,DMA,65.8941234756619,65.75211853267152,65.7636391290949,-62384.109315526366
2021-12-31,DMA,65.6577283039901,65.52186150833447,65.53338210475785,-62384.23506157119
2022-12-31,DMA,65.36571494353065,65.2412970146762,65.25281761109959,-62384.3693970577
2023-12-31,DMA,65.1955308456407,65.07922206774425,65.09074266416764,-62384.414999851266
2024-12-31,DMA,65.3911504572956,65.2884384054544,65.29995900187778,-62384.06837387451
2025-12-31,DMA,65.43127506051385,65.34061623154797,65.35213682797135,-62384.021717893454
2000-01-01,DOM,69.4232,69.4232,69.4232,69.4232
2001-01-01,DOM,69.6416,69.6416,69.6416,69.6416
2002-01-01,DOM,69.92299999999999,69.92299999999999,69.92299999999999,69.92299999999999
2003-01-01,DOM,70.2649,70.2649,70.2649,70.2649
2004-01-01,DOM,70.33050000000001,70.33050000000001,70.33050000000001,70.33050000000001
2005-01-01,DOM,70.8752,70.8752,70.8752,70.8752
2006-01-01,DOM,71.1654,71.1654,71.1654,71.1654
2007-01-01,DOM,71.37099999999998,71.37099999999998,71.37099999999998,71.37099999999998
2008-01-01,DOM,71.6577,71.6577,71.6577,71.6577
2009-01-01,DOM,71.871,71.871,71.871,71.871
2010-01-01,DOM,72.09329999999999,72.09329999999999,72.09329999999999,72.09329999999999
2011-01-01,DOM,72.22119999999998,72.22119999999998,72.22119999999998,72.22119999999998
2012-01-01,DOM,72.51419999999997,72.51419999999997,72.51419999999997,72.51419999999997
2013-01-01,DOM,72.71269999999997,72.71269999999997,72.71269999999997,72.71269999999997
2014-01-01,DOM,72.8665,72.8665,72.8665,72.8665
2015-01-01,DOM,72.9531,72.9531,72.9531,72.9531
2016-01-01,DOM,72.98669999999998,72.98669999999998,72.98669999999998,72.98669999999998
2017-01-01,DOM,73.0629,73.0629,73.0629,73.0629
2018-01-01,DOM,73.2323,73.2323,73.2323,73.2323
2019-01-01,DOM,73.5767,73.5767,73.5767,73.5767
2019-12-31,DOM,74.37958162338946,74.66432290140253,74.69271268509866,101.58324856407827
2020-12-31,DOM,74.55027269778004,74.81719660476767,74.84558638846379,101.72576919761754
2021-12-31,DOM,74.7149433758171,74.9662475043698,74.99463728806593,101.85967691814568
2022-12-31,DOM,74.884232986844,75.11211957069379,75.14050935438992,102.00088965780769
2023-12-31,DOM,75.03175821883744,75.24914136344991,75.27753114714602,102.13041327027159
2024-12-31,DOM,75.21819901261684,75.41626063770538,75.4446504214015,102.28691647396028
2025-12-31,DOM,75.4275084281225,75.59441645440684,75.62280623810297,102.47904847198461
2000-01-01,ECU,72.8394,72.8394,72.8394,72.8394
2001-01-01,ECU,73.23949999999999,73.23949999999999,73.23949999999999,73.23949999999999
2002-01-01,ECU,73.6134,73.6134,73.6134,73.6134
2003-01-01,ECU,73.9751,73.9751,73.9751,73.9751
2004-01-01,ECU,74.27879999999999,74.27879999999999,74.27879999999999,74.27879999999999
2005-01-01,ECU,74.5144,74.5144,74.5144,74.5144
2006-01-01,ECU,74.689,74.689,74.689,74.689
2007-01-01,ECU,74.8445,74.8445,74.8445,74.8445
2008-01-01,ECU,74.98299999999999,74.98299999999999,74.98299999999999,74.98299999999999
2009-01-01,ECU,75.18409999999999,75.18409999999999,75.18409999999999,75.18409999999999
2010-01-01,ECU,75.43010000000001,75.43010000000001,75.43010000000001,75.43010000000001
2011-01-01,ECU,75.74249999999999,75.74249999999999,75.74249999999999,75.74249999999999
2012-01-01,ECU,76.06159999999998,76.06159999999998,76.06159999999998,76.06159999999998
2013-01-01,ECU,76.36939999999998,76.36939999999998,76.36939999999998,76.36939999999998
2014-01-01,ECU,76.62209999999999,76.62209999999999,76.62209999999999,76.62209999999999
2015-01-01,ECU,76.78929999999998,76.78929999999998,76.78929999999998,76.78929999999998
2016-01-01,ECU,76.76339999999999,76.76339999999999,76.76339999999999,76.76339999999999
2017-01-01,ECU,76.97249999999998,76.97249999999998,76.97249999999998,76.97249999999998
2018-01-01,ECU,77.09379999999999,77.09379999999999,77.09379999999999,77.09379999999999
2019-01-01,ECU,77.29709999999999,77.29709999999999,77.29709999999999,77.29709999999999
2019-12-31,ECU,78.86324536610134,79.15304630021399,79.29085715632542,81.83228759689712
2020-12-31,ECU,79.44547104328907,79.71558598034406,79.85339683645547,82.3770807298417
2021-12-31,ECU,79.99247941642552,80.24336376959432,80.38117462570574,82.85928216960167
2022-12-31,ECU,80.50673326950816,80.73342248564222,80.87123334175365,83.30316553189829
2023-12-31,ECU,80.89330878443802,81.12130156582155,81.25911242193298,83.67976909224635
2024-12-31,ECU,81.22233773122784,81.43730066219543,81.57511151830684,84.02605532986846
2025-12-31,ECU,81.59063687068304,81.79398407533577,81.9317949314472,84.38162459431538
2000-01-01,SLV,69.8647,69.8647,69.8647,69.8647
2001-01-01,SLV,69.59819999999998,69.59819999999998,69.59819999999998,69.59819999999998
2002-01-01,SLV,70.23240000000007,70.23240000000007,70.23240000000007,70.23240000000007
2003-01-01,SLV,70.14010000000002,70.14010000000002,70.14010000000002,70.14010000000002
2004-01-01,SLV,70.34020000000004,70.34020000000004,70.34020000000004,70.34020000000004
2005-01-01,SLV,70.44029999999978,70.44029999999978,70.44029999999978,70.44029999999978
2006-01-01,SLV,70.77319999999992,70.77319999999992,70.77319999999992,70.77319999999992
2007-01-01,SLV,71.10810000000012,71.10810000000012,71.10810000000012,71.10810000000012
2008-01-01,SLV,71.42359999999996,71.42359999999996,71.42359999999996,71.42359999999996
2009-01-01,SLV,71.57559999999995,71.57559999999995,71.57559999999995,71.57559999999995
2010-01-01,SLV,71.84780000000006,71.84780000000006,71.84780000000006,71.84780000000006
2011-01-01,SLV,71.8589000000001,71.8589000000001,71.8589000000001,71.8589000000001
2012-01-01,SLV,71.83130000000004,71.83130000000004,71.83130000000004,71.83130000000004
2013-01-01,SLV,71.77110000000005,71.77110000000005,71.77110000000005,71.77110000000005
2014-01-01,SLV,71.7463999999998,71.7463999999998,71.7463999999998,71.7463999999998
2015-01-01,SLV,71.81429999999999,71.81429999999999,71.81429999999999,71.81429999999999
2016-01-01,SLV,72.02479999999987,72.02479999999987,72.02479999999987,72.02479999999987
2017-01-01,SLV,72.31079999999974,72.31079999999974,72.31079999999974,72.31079999999974
2018-01-01,SLV,72.5545999999998,72.5545999999998,72.5545999999998,72.5545999999998
2019-01-01,SLV,72.55859999999973,72.55859999999973,72.55859999999973,72.55859999999973
2019-12-31,SLV,72.22869887258267,72.37626350628058,72.40973702187115,0.797542406914701
2020-12-31,SLV,72.41762716299837,72.55610269283557,72.58957620842612,1.010391491395552
2021-12-31,SLV,72.5929909975404,72.72031212795342,72.75378564354398,1.2009173145383158
2022-12-31,SLV,72.76545983073875,72.87641133423787,72.90988484982844,1.394855560279339
2023-12-31,SLV,72.93938178612999,73.03649835428547,73.06997186987603,1.5828603270444148
2024-12-31,SLV,73.09823695772224,73.18444956832927,73.21792308391983,1.760967261692457
2025-12-31,SLV,73.25968317182655,73.33675564840601,73.37022916399658,1.920886706906927
2000-01-01,GRD,72.78290000000003,72.78290000000003,72.78290000000003,72.78290000000003
2001-01-01,GRD,73.11809999999998,73.11809999999998,73.11809999999998,73.11809999999998
2002-01-01,GRD,73.16699999999986,73.16699999999986,73.16699999999986,73.16699999999986
2003-01-01,GRD,73.18750000000007,73.18750000000007,73.18750000000007,73.18750000000007
2004-01-01,GRD,71.78760000000004,71.78760000000004,71.78760000000004,71.78760000000004
2005-01-01,GRD,73.52139999999986,73.52139999999986,73.52139999999986,73.52139999999986
2006-01-01,GRD,73.70039999999999,73.70039999999999,73.70039999999999,73.70039999999999
2007-01-01,GRD,74.31649999999992,74.31649999999992,74.31649999999992,74.31649999999992
2008-01-01,GRD,74.65580000000023,74.65580000000023,74.65580000000023,74.65580000000023
2009-01-01,GRD,75.03630000000005,75.03630000000005,75.03630000000005,75.03630000000005
2010-01-01,GRD,74.99880000000007,74.99880000000007,74.99880000000007,74.99880000000007
2011-01-01,GRD,75.29470000000003,75.29470000000003,75.29470000000003,75.29470000000003
2012-01-01,GRD,75.04160000000013,75.04160000000013,75.04160000000013,75.04160000000013
2013-01-01,GRD,75.11610000000019,75.11610000000019,75.11610000000019,75.11610000000019
2014-01-01,GRD,74.98500000000004,74.98500000000004,74.98500000000004,74.98500000000004
2015-01-01,GRD,75.01250000000009,75.01250000000009,75.01250000000009,75.01250000000009
2016-01-01,GRD,74.7622000000002,74.7622000000002,74.7622000000002,74.7622000000002
2017-01-01,GRD,74.76520000000012,74.76520000000012,74.76520000000012,74.76520000000012
2018-01-01,GRD,74.80759999999991,74.80759999999991,74.80759999999991,74.80759999999991
2019-01-01,GRD,74.86320000000012,74.86320000000012,74.86320000000012,74.86320000000012
2019-12-31,GRD,73.15422742830397,73.52155616805527,73.56264711951313,-9599.080554982671
2020-12-31,GRD,72.4758608596911,72.82443590167293,72.86552685313079,-9599.71885734265
2021-12-31,GRD,71.91140287845103,72.24468765021295,72.28577860167081,-9600.243672932009
2022-12-31,GRD,71.45518120664185,71.76331778427766,71.80440873573552,-9600.65577178722
2023-12-31,GRD,71.06822391268364,71.3609224054865,71.40201335694437,-9601.02692499312
2024-12-31,GRD,70.7548553595767,71.028280451748,71.06937140320586,-9601.346306166894
2025-12-31,GRD,70.49815133010439,70.7294910069328,70.77058195839066,-9601.62358307744
2000-01-01,GTM,67.4459,67.4459,67.4459,67.4459
2001-01-01,GTM,67.9464,67.9464,67.9464,67.9464
2002-01-01,GTM,68.3865,68.3865,68.3865,68.3865
2003-01-01,GTM,68.79689999999998,68.79689999999998,68.79689999999998,68.79689999999998
2004-01-01,GTM,69.16479999999999,69.16479999999999,69.16479999999999,69.16479999999999
2005-01-01,GTM,69.1675,69.1675,69.1675,69.1675
2006-01-01,GTM,69.81239999999998,69.81239999999998,69.81239999999998,69.81239999999998
2007-01-01,GTM,70.10019999999999,70.10019999999999,70.10019999999999,70.10019999999999
2008-01-01,GTM,70.35559999999997,70.35559999999997,70.35559999999997,70.35559999999997
2009-01-01,GTM,70.64139999999999,70.64139999999999,70.64139999999999,70.64139999999999
2010-01-01,GTM,70.87829999999998,70.87829999999998,70.87829999999998,70.87829999999998
2011-01-01,GTM,71.1769,71.1769,71.1769,71.1769
2012-01-01,GTM,71.46299999999998,71.46299999999998,71.46299999999998,71.46299999999998
2013-01-01,GTM,71.72799999999998,71.72799999999998,71.72799999999998,71.72799999999998
2014-01-01,GTM,71.96379999999999,71.96379999999999,71.96379999999999,71.96379999999999
2015-01-01,GTM,72.10299999999998,72.10299999999998,72.10299999999998,72.10299999999998
2016-01-01,GTM,72.35469999999998,72.35469999999998,72.35469999999998,72.35469999999998
2017-01-01,GTM,72.55059999999997,72.55059999999997,72.55059999999997,72.55059999999997
2018-01-01,GTM,72.72569999999999,72.72569999999999,72.72569999999999,72.72569999999999
2019-01-01,GTM,73.12889999999999,73.12889999999999,73.12889999999999,73.12889999999999
2019-12-31,GTM,73.71362131724463,74.87435872257375,75.31768174967652,93.48004044428292
2020-12-31,GTM,74.01206355261934,75.0991802936394,75.54250332074217,93.71656472006023
2021-12-31,GTM,74.33046535897101,75.32064392970683,75.76396695680961,93.97445061696713
2022-12-31,GTM,74.59670745831961,75.53068266677738,75.97400569388014,94.17049181573267
2023-12-31,GTM,74.82472648187932,75.68507806030031,76.12840108740309,94.35652873371491
2024-12-31,GTM,75.10371303602057,75.90834516136945,76.35166818847223,94.61158235800801
2025-12-31,GTM,75.37609346230316,76.0885653644697,76.53188839157248,94.88890939448508
2000-01-01,GUY,64.4833,64.4833,64.4833,64.4833
2001-01-01,GUY,64.78820000000002,64.78820000000002,64.78820000000002,64.78820000000002
2002-01-01,GUY,64.7275,64.7275,64.7275,64.7275
2003-01-01,GUY,64.6003,64.6003,64.6003,64.6003
2004-01-01,GUY,64.9305,64.9305,64.9305,64.9305
2005-01-01,GUY,65.132,65.132,65.132,65.132
2006-01-01,GUY,65.6666,65.6666,65.6666,65.6666
2007-01-01,GUY,66.2535,66.2535,66.2535,66.2535
2008-01-01,GUY,66.28799999999998,66.28799999999998,66.28799999999998,66.28799999999998
2009-01-01,GUY,66.5625,66.5625,66.5625,66.5625
2010-01-01,GUY,66.74299999999998,66.74299999999998,66.74299999999998,66.74299999999998
2011-01-01,GUY,66.9818,66.9818,66.9818,66.9818
2012-01-01,GUY,67.22980000000001,67.22980000000001,67.22980000000001,67.22980000000001
2013-01-01,GUY,67.4727,67.4727,67.4727,67.4727
2014-01-01,GUY,67.8818,67.8818,67.8818,67.8818
2015-01-01,GUY,68.2015,68.2015,68.2015,68.2015
2016-01-01,GUY,68.38400000000001,68.38400000000001,68.38400000000001,68.38400000000001
2017-01-01,GUY,68.6668,68.6668,68.6668,68.6668
2018-01-01,GUY,68.8959,68.8959,68.8959,68.8959
2019-01-01,GUY,69.1239,69.1239,69.1239,69.1239
2019-12-31,GUY,70.27432194484818,69.98980186747927,69.96806388548264,74.03781915512211
2020-12-31,GUY,70.55041514430849,70.28372232090929,70.26198433891265,74.2816223298932
2021-12-31,GUY,70.84000429510674,70.59237518140017,70.57063719940354,74.53258646912539
2022-12-31,GUY,71.13951736913637,70.91129170793697,70.88955372594033,74.8032787970037
2023-12-31,GUY,71.42680116673846,71.21951586038338,71.19777787838674,75.05674016812374
2024-12-31,GUY,71.73894956969747,71.5492158425703,71.52747786057367,75.35206887721706
2025-12-31,GUY,72.06455790406316,71.8866924201223,71.86495443812566,75.64051978384333
2000-01-01,HTI,58.349848143884195,58.349848143884195,58.349848143884195,58.349848143884195
2001-01-01,HTI,58.55956805438286,58.55956805438286,58.55956805438286,58.55956805438286
2002-01-01,HTI,58.78888385479587,58.78888385479587,58.78888385479587,58.78888385479587
2003-01-01,HTI,59.00455926849252,59.00455926849252,59.00455926849252,59.00455926849252
2004-01-01,HTI,59.46669618143407,59.46669618143407,59.46669618143407,59.46669618143407
2005-01-01,HTI,60.09731783288672,60.09731783288672,60.09731783288672,60.09731783288672
2006-01-01,HTI,60.73224471107365,60.73224471107365,60.73224471107365,60.73224471107365
2007-01-01,HTI,60.9922619241251,60.9922619241251,60.9922619241251,60.9922619241251
2008-01-01,HTI,61.197899660523206,61.197899660523206,61.197899660523206,61.197899660523206
2009-01-01,HTI,61.50261873855347,61.50261873855347,61.50261873855347,61.50261873855347
2010-01-01,HTI,61.710618889673185,61.710618889673185,61.710618889673185,61.710618889673185
2011-01-01,HTI,61.970150075574786,61.970150075574786,61.970150075574786,61.970150075574786
2012-01-01,HTI,62.33564905791788,62.33564905791788,62.33564905791788,62.33564905791788
2013-01-01,HTI,62.634761892661366,62.634761892661366,62.634761892661366,62.634761892661366
2014-01-01,HTI,63.055984772728955,63.055984772728955,63.055984772728955,63.055984772728955
2015-01-01,HTI,63.16717051306634,63.16717051306634,63.16717051306634,63.16717051306634
2016-01-01,HTI,63.444807061316766,63.444807061316766,63.444807061316766,63.444807061316766
2017-01-01,HTI,63.61869341199133,63.61869341199133,63.61869341199133,63.61869341199133
2018-01-01,HTI,64.07409211091382,64.07409211091382,64.07409211091382,64.07409211091382
2019-01-01,HTI,64.28582264950215,64.28582264950215,64.28582264950215,64.28582264950215
2019-12-31,HTI,66.60354784150739,66.66534031809351,66.73650951838684,134.84509596995514
2020-12-31,HTI,67.09915717744778,67.15721421403184,67.22838341432517,135.32263778312353
2021-12-31,HTI,67.58338262774566,67.63944065985632,67.71060986014963,135.79290306667716
2022-12-31,HTI,68.06505943415853,68.11291533054288,68.18408453083619,136.27133161462154
2023-12-31,HTI,68.51802380490673,68.56458802599406,68.63575722628737,136.73090102301308
2024-12-31,HTI,69.00015386043222,69.0439653560235,69.11513455631683,137.22671659886117
2025-12-31,HTI,69.47949666671133,69.51008708871366,69.58125628900699,137.72519556043824
2000-01-01,HND,68.6618,68.6618,68.6618,68.6618
2001-01-01,HND,69.0061,69.0061,69.0061,69.0061
2002-01-01,HND,69.36639999999998,69.36639999999998,69.36639999999998,69.36639999999998
2003-01-01,HND,69.50710000000001,69.50710000000001,69.50710000000001,69.50710000000001
2004-01-01,HND,69.7957,69.7957,69.7957,69.7957
2005-01-01,HND,70.1041,70.1041,70.1041,70.1041
2006-01-01,HND,70.26079999999999,70.26079999999999,70.26079999999999,70.26079999999999
2007-01-01,HND,70.3765,70.3765,70.3765,70.3765
2008-01-01,HND,70.4414,70.4414,70.4414,70.4414
2009-01-01,HND,70.91129999999998,70.91129999999998,70.91129999999998,70.91129999999998
2010-01-01,HND,71.0884,71.0884,71.0884,71.0884
2011-01-01,HND,71.4386,71.4386,71.4386,71.4386
2012-01-01,HND,71.73439999999998,71.73439999999998,71.73439999999998,71.73439999999998
2013-01-01,HND,71.9629,71.9629,71.9629,71.9629
2014-01-01,HND,72.2594,72.2594,72.2594,72.2594
2015-01-01,HND,72.4871,72.4871,72.4871,72.4871
2016-01-01,HND,72.58779999999999,72.58779999999999,72.58779999999999,72.58779999999999
2017-01-01,HND,72.69179999999999,72.69179999999999,72.69179999999999,72.69179999999999
2018-01-01,HND,72.81409999999998,72.81409999999998,72.81409999999998,72.81409999999998
2019-01-01,HND,72.8811,72.8811,72.8811,72.8811
2019-12-31,HND,72.52995980592577,72.91757020346219,73.04259497359614,89.20242319243724
2020-12-31,HND,72.61213608832735,72.97733911705869,73.10236388719264,89.25059058419032
2021-12-31,HND,72.7014499033005,73.03459862028643,73.15962339042038,89.30765392494429
2022-12-31,HND,72.7971982584275,73.11446424557597,73.2394890157099,89.35700000855815
2023-12-31,HND,72.87587680072293,73.18603184516525,73.31105661529918,89.39402880131632
2024-12-31,HND,72.94036269976519,73.2469864804837,73.37201125061765,89.42161015623651
2025-12-31,HND,73.00541627726058,73.28554899254601,73.41057376267995,89.47233155205993
2000-01-01,JAM,70.9442,70.9442,70.9442,70.9442
2001-01-01,JAM,70.758,70.758,70.758,70.758
2002-01-01,JAM,70.8882,70.8882,70.8882,70.8882
2003-01-01,JAM,70.8062,70.8062,70.8062,70.8062
2004-01-01,JAM,70.8603,70.8603,70.8603,70.8603
2005-01-01,JAM,71.0438,71.0438,71.0438,71.0438
2006-01-01,JAM,71.19929999999998,71.19929999999998,71.19929999999998,71.19929999999998
2007-01-01,JAM,71.4179,71.4179,71.4179,71.4179
2008-01-01,JAM,71.61219999999999,71.61219999999999,71.61219999999999,71.61219999999999
2009-01-01,JAM,72.1238,72.1238,72.1238,72.1238
2010-01-01,JAM,72.6219,72.6219,72.6219,72.6219
2011-01-01,JAM,73.0942,73.0942,73.0942,73.0942
2012-01-01,JAM,73.4335,73.4335,73.4335,73.4335
2013-01-01,JAM,73.4119,73.4119,73.4119,73.4119
2014-01-01,JAM,72.98199999999999,72.98199999999999,72.98199999999999,72.98199999999999
2015-01-01,JAM,72.39399999999998,72.39399999999998,72.39399999999998,72.39399999999998
2016-01-01,JAM,72.01979999999999,72.01979999999999,72.01979999999999,72.01979999999999
2017-01-01,JAM,71.91139999999999,71.91139999999999,71.91139999999999,71.91139999999999
2018-01-01,JAM,71.79299999999999,71.79299999999999,71.79299999999999,71.79299999999999
2019-01-01,JAM,71.76699999999997,71.76699999999997,71.76699999999997,71.76699999999997
2019-12-31,JAM,71.89914605780349,71.71598516268317,71.70961372955401,-56.03742957959251
2020-12-31,JAM,71.75446719996712,71.57735828054976,71.57098684742061,-56.14124833945557
2021-12-31,JAM,71.6187592793279,71.44665680992948,71.44028537680033,-56.24367874535619
2022-12-31,JAM,71.47681610581357,71.31700518558495,71.31063375245579,-56.34925233697305
2023-12-31,JAM,71.34509968502422,71.19298249620448,71.18661106307533,-56.45406290060144
2024-12-31,JAM,71.1955179550599,71.05769920514425,71.0513277720151,-56.55914093281474
2025-12-31,JAM,71.10144825074576,70.99202426560416,70.98565283247501,-56.65217668845945
2000-01-01,MEX,73.56919999999995,73.56919999999995,73.56919999999995,73.56919999999995
2001-01-01,MEX,73.86679999999997,73.86679999999997,73.86679999999997,73.86679999999997
2002-01-01,MEX,74.10589999999998,74.10589999999998,74.10589999999998,74.10589999999998
2003-01-01,MEX,74.27429999999991,74.27429999999991,74.27429999999991,74.27429999999991
2004-01-01,MEX,74.37199999999996,74.37199999999996,74.37199999999996,74.37199999999996
2005-01-01,MEX,74.37649999999995,74.37649999999995,74.37649999999995,74.37649999999995
2006-01-01,MEX,74.33130000000004,74.33130000000004,74.33130000000004,74.33130000000004
2007-01-01,MEX,74.23839999999998,74.23839999999998,74.23839999999998,74.23839999999998
2008-01-01,MEX,74.15239999999994,74.15239999999994,74.15239999999994,74.15239999999994
2009-01-01,MEX,74.11900000000003,74.11900000000003,74.11900000000003,74.11900000000003
2010-01-01,MEX,74.19009999999999,74.19009999999999,74.19009999999999,74.19009999999999
2011-01-01,MEX,74.3651,74.3651,74.3651,74.3651
2012-01-01,MEX,74.574,74.574,74.574,74.574
2013-01-01,MEX,74.73909999999995,74.73909999999995,74.73909999999995,74.73909999999995
2014-01-01,MEX,74.79739999999998,74.79739999999998,74.79739999999998,74.79739999999998
2015-01-01,MEX,74.68219999999995,74.68219999999995,74.68219999999995,74.68219999999995
2016-01-01,MEX,74.41219999999993,74.41219999999993,74.41219999999993,74.41219999999993
2017-01-01,MEX,74.13779999999998,74.13779999999998,74.13779999999998,74.13779999999998
2018-01-01,MEX,74.0146,74.0146,74.0146,74.0146
2019-01-01,MEX,74.20210000000004,74.20210000000004,74.20210000000004,74.20210000000004
2019-12-31,MEX,75.86463344013569,76.08489287087967,76.10701280657314,75.92923764012367
2020-12-31,MEX,75.9065009266283,76.1278147436019,76.14993467929537,75.97000725420462
2021-12-31,MEX,75.92755610297529,76.14567710752205,76.1677970432155,75.99003143943122
2022-12-31,MEX,75.9453171751423,76.15931612350677,76.18143605920024,76.00661787640114
2023-12-31,MEX,75.96333230320325,76.17819434872558,76.20031428441904,76.02366824546402
2024-12-31,MEX,75.9853047137035,76.1967777797694,76.21889771546287,76.04459476132592
2025-12-31,MEX,76.03115339189823,76.22933604999808,76.25145598569154,76.09002451799373
2000-01-01,NIC,67.2335,67.2335,67.2335,67.2335
2001-01-01,NIC,67.2145,67.2145,67.2145,67.2145
2002-01-01,NIC,67.17990000000002,67.17990000000002,67.17990000000002,67.17990000000002
2003-01-01,NIC,67.2174,67.2174,67.2174,67.2174
2004-01-01,NIC,67.4233,67.4233,67.4233,67.4233
2005-01-01,NIC,67.9359,67.9359,67.9359,67.9359
2006-01-01,NIC,68.7246,68.7246,68.7246,68.7246
2007-01-01,NIC,69.5595,69.5595,69.5595,69.5595
2008-01-01,NIC,70.58629999999998,70.58629999999998,70.58629999999998,70.58629999999998
2009-01-01,NIC,71.43279999999999,71.43279999999999,71.43279999999999,71.43279999999999
2010-01-01,NIC,72.009,72.009,72.009,72.009
2011-01-01,NIC,72.4162,72.4162,72.4162,72.4162
2012-01-01,NIC,72.6148,72.6148,72.6148,72.6148
2013-01-01,NIC,72.70439999999999,72.70439999999999,72.70439999999999,72.70439999999999
2014-01-01,NIC,72.81209999999999,72.81209999999999,72.81209999999999,72.81209999999999
2015-01-01,NIC,72.98299999999999,72.98299999999999,72.98299999999999,72.98299999999999
2016-01-01,NIC,73.2562,73.2562,73.2562,73.2562
2017-01-01,NIC,73.5536,73.5536,73.5536,73.5536
2018-01-01,NIC,73.84969999999998,73.84969999999998,73.84969999999998,73.84969999999998
2019-01-01,NIC,74.05429999999998,74.05429999999998,74.05429999999998,74.05429999999998
2019-12-31,NIC,74.0107683357583,74.12169259665015,74.17735925271657,81.60632614335958
2020-12-31,NIC,74.21454948090269,74.31946921858118,74.37513587464761,81.77032406155772
2021-12-31,NIC,74.42261495518842,74.51969677743992,74.57536343350634,81.93446378485932
2022-12-31,NIC,74.63277286239123,74.73151531977736,74.7871819758438,82.09320551733671
2023-12-31,NIC,74.84675591629002,74.9370673814848,74.99273403755122,82.26101175322833
2024-12-31,NIC,75.07965159886488,75.16474285256596,75.22040950863239,82.42930115300804
2025-12-31,NIC,75.31364449850636,75.39022168171033,75.44588833777676,82.59225099088818
2000-01-01,PAN,74.00150000000001,74.00150000000001,74.00150000000001,74.00150000000001
2001-01-01,PAN,74.41440000000001,74.41440000000001,74.41440000000001,74.41440000000001
2002-01-01,PAN,74.8238,74.8238,74.8238,74.8238
2003-01-01,PAN,75.21749999999999,75.21749999999999,75.21749999999999,75.21749999999999
2004-01-01,PAN,75.54439999999998,75.54439999999998,75.54439999999998,75.54439999999998
2005-01-01,PAN,75.8285,75.8285,75.8285,75.8285
2006-01-01,PAN,76.01229999999998,76.01229999999998,76.01229999999998,76.01229999999998
2007-01-01,PAN,76.15399999999997,76.15399999999997,76.15399999999997,76.15399999999997
2008-01-01,PAN,76.2247,76.2247,76.2247,76.2247
2009-01-01,PAN,76.34289999999999,76.34289999999999,76.34289999999999,76.34289999999999
2010-01-01,PAN,76.44789999999999,76.44789999999999,76.44789999999999,76.44789999999999
2011-01-01,PAN,76.62689999999999,76.62689999999999,76.62689999999999,76.62689999999999
2012-01-01,PAN,76.81849999999999,76.81849999999999,76.81849999999999,76.81849999999999
2013-01-01,PAN,77.0378,77.0378,77.0378,77.0378
2014-01-01,PAN,77.2478,77.2478,77.2478,77.2478
2015-01-01,PAN,77.46839999999997,77.46839999999997,77.46839999999997,77.46839999999997
2016-01-01,PAN,77.65290000000002,77.65290000000002,77.65290000000002,77.65290000000002
2017-01-01,PAN,77.79539999999999,77.79539999999999,77.79539999999999,77.79539999999999
2018-01-01,PAN,77.86290000000001,77.86290000000001,77.86290000000001,77.86290000000001
2019-01-01,PAN,77.81029999999998,77.81029999999998,77.81029999999998,77.81029999999998
2019-12-31,PAN,81.03040837125836,83.34602830337028,85.23006675583952,62.91878284880291
2020-12-31,PAN,81.34672041743009,83.51712767439555,85.4011661268648,63.34882018861376
2021-12-31,PAN,81.6971503382736,83.69548308697816,85.57952153944741,63.814228152223464
2022-12-31,PAN,82.0665082658132,83.89191688806531,85.77595534053455,64.29621533810617
2023-12-31,PAN,82.37558201930014,84.07801530515611,85.96205375762536,64.72187026265252
2024-12-31,PAN,82.77216005531747,84.28297757455299,86.16701602702223,65.25210908024295
2025-12-31,PAN,83.14682984205045,84.49460128924231,86.37863974171157,65.70769297733116
2000-01-01,PRY,69.7502,69.7502,69.7502,69.7502
2001-01-01,PRY,69.89969999999998,69.89969999999998,69.89969999999998,69.89969999999998
2002-01-01,PRY,70.02499999999999,70.02499999999999,70.02499999999999,70.02499999999999
2003-01-01,PRY,70.297,70.297,70.297,70.297
2004-01-01,PRY,70.4809,70.4809,70.4809,70.4809
2005-01-01,PRY,70.52689999999998,70.52689999999998,70.52689999999998,70.52689999999998
2006-01-01,PRY,70.7809,70.7809,70.7809,70.7809
2007-01-01,PRY,71.10609999999998,71.10609999999998,71.10609999999998,71.10609999999998
2008-01-01,PRY,71.3838,71.3838,71.3838,71.3838
2009-01-01,PRY,71.6345,71.6345,71.6345,71.6345
2010-01-01,PRY,71.8872,71.8872,71.8872,71.8872
2011-01-01,PRY,72.1314,72.1314,72.1314,72.1314
2012-01-01,PRY,72.45359999999998,72.45359999999998,72.45359999999998,72.45359999999998
2013-01-01,PRY,72.7568,72.7568,72.7568,72.7568
2014-01-01,PRY,72.8777,72.8777,72.8777,72.8777
2015-01-01,PRY,73.1905,73.1905,73.1905,73.1905
2016-01-01,PRY,73.53359999999999,73.53359999999999,73.53359999999999,73.53359999999999
2017-01-01,PRY,73.64360000000002,73.64360000000002,73.64360000000002,73.64360000000002
2018-01-01,PRY,73.5676,73.5676,73.5676,73.5676
2019-01-01,PRY,73.6207,73.6207,73.6207,73.6207
2019-12-31,PRY,73.99894492271378,74.16724509520219,74.23897201488073,82.22981229448396
2020-12-31,PRY,74.07922446178601,74.23097989997737,74.30270681965592,82.26349864787177
2021-12-31,PRY,74.22205915969515,74.37105975689927,74.44278667657782,82.30906372986497
2022-12-31,PRY,74.35556609653467,74.50563038298691,74.57735730266546,82.40322892540064
2023-12-31,PRY,74.49116790901537,74.6335002891814,74.70522720885994,82.51154793065457
2024-12-31,PRY,74.64165562566167,74.77818452801043,74.84991144768897,82.60611342206052
2025-12-31,PRY,74.73080483769034,74.85410052586585,74.92582744554439,82.67788923996731
2000-01-01,PER,70.42399999999999,70.42399999999999,70.42399999999999,70.42399999999999
2001-01-01,PER,71.04089999999998,71.04089999999998,71.04089999999998,71.04089999999998
2002-01-01,PER,71.66080000000001,71.66080000000001,71.66080000000001,71.66080000000001
2003-01-01,PER,72.2166,72.2166,72.2166,72.2166
2004-01-01,PER,72.668,72.668,72.668,72.668
2005-01-01,PER,72.9858,72.9858,72.9858,72.9858
2006-01-01,PER,73.1721,73.1721,73.1721,73.1721
2007-01-01,PER,73.2227,73.2227,73.2227,73.2227
2008-01-01,PER,73.3772,73.3772,73.3772,73.3772
2009-01-01,PER,73.4661,73.4661,73.4661,73.4661
2010-01-01,PER,73.71060000000001,73.71060000000001,73.71060000000001,73.71060000000001
2011-01-01,PER,74.1327,74.1327,74.1327,74.1327
2012-01-01,PER,74.54400000000001,74.54400000000001,74.54400000000001,74.54400000000001
2013-01-01,PER,74.96680000000002,74.96680000000002,74.96680000000002,74.96680000000002
2014-01-01,PER,75.33340000000001,75.33340000000001,75.33340000000001,75.33340000000001
2015-01-01,PER,75.6206,75.6206,75.6206,75.6206
2016-01-01,PER,75.789,75.789,75.789,75.789
2017-01-01,PER,75.879,75.879,75.879,75.879
2018-01-01,PER,76.00890000000001,76.00890000000001,76.00890000000001,76.00890000000001
2019-01-01,PER,76.1559,76.1559,76.1559,76.1559
2019-12-31,PER,77.2425525156026,76.75579163117511,76.69395419827143,77.4829535271201
2020-12-31,PER,77.47922407002692,77.02131609155045,76.95947865864676,77.84043083187892
2021-12-31,PER,77.69650842177295,77.26273223788266,77.20089480497897,78.17602013281908
2022-12-31,PER,77.88448560171743,77.47014746936344,77.40831003645975,78.4914630829661
2023-12-31,PER,78.09639248425842,77.69152088862042,77.62968345571673,78.81134757938852
2024-12-31,PER,78.32217239816184,77.93954665859832,77.87770922569463,79.14113593458075
2025-12-31,PER,78.53588283889756,78.19561924863122,78.13378181572754,79.47627781026374
2000-01-01,KNA,69.80650549194102,69.80650549194102,69.80650549194102,69.80650549194102
2001-01-01,KNA,70.21836186911236,70.21836186911236,70.21836186911236,70.21836186911236
2002-01-01,KNA,70.41709482547996,70.41709482547996,70.41709482547996,70.41709482547996
2003-01-01,KNA,70.7652632939921,70.7652632939921,70.7652632939921,70.7652632939921
2004-01-01,KNA,71.33823670488817,71.33823670488817,71.33823670488817,71.33823670488817
2005-01-01,KNA,71.27439988611751,71.27439988611751,71.27439988611751,71.27439988611751
2006-01-01,KNA,71.2911216925422,71.2911216925422,71.2911216925422,71.2911216925422
2007-01-01,KNA,71.43321415838999,71.43321415838999,71.43321415838999,71.43321415838999
2008-01-01,KNA,71.39223082234741,71.39223082234741,71.39223082234741,71.39223082234741
2009-01-01,KNA,71.1773660620393,71.1773660620393,71.1773660620393,71.1773660620393
2010-01-01,KNA,71.48955318519909,71.48955318519909,71.48955318519909,71.48955318519909
2011-01-01,KNA,71.63004912518493,71.63004912518493,71.63004912518493,71.63004912518493
2012-01-01,KNA,71.52447797652508,71.52447797652508,71.52447797652508,71.52447797652508
2013-01-01,KNA,71.30448603275387,71.30448603275387,71.30448603275387,71.30448603275387
2014-01-01,KNA,71.17315701230692,71.17315701230692,71.17315701230692,71.17315701230692
2015-01-01,KNA,71.02462035330777,71.02462035330777,71.02462035330777,71.02462035330777
2016-01-01,KNA,71.3360998961538,71.3360998961538,71.3360998961538,71.3360998961538
2017-01-01,KNA,71.74508118942117,71.74508118942117,71.74508118942117,71.74508118942117
2018-01-01,KNA,71.62331631684408,71.62331631684408,71.62331631684408,71.62331631684408
2019-01-01,KNA,71.60399103772005,71.60399103772005,71.60399103772005,71.60399103772005
2019-12-31,KNA,72.4063492403134,73.21570286930874,73.33709150919763,6549.2015599734395
2020-12-31,KNA,72.45687232049549,73.22426832327291,73.3456569631618,6549.2521986325955
2021-12-31,KNA,72.5357989879939,73.25898761477407,73.38037625466296,6549.330295489527
2022-12-31,KNA,72.64643425447262,73.29912171090103,73.42051035078993,6549.44000346015
2023-12-31,KNA,72.78979052697164,73.39178460453492,73.51317324442381,6549.583169706087
2024-12-31,KNA,72.99522826333097,73.51055366697103,73.63194230685993,6549.787974799086
2025-12-31,KNA,73.16993681377443,73.6028453169008,73.72423395678969,6549.964458069382
2000-01-01,LCA,70.7678,70.7678,70.7678,70.7678
2001-01-01,LCA,71.1345,71.1345,71.1345,71.1345
2002-01-01,LCA,71.472,71.472,71.472,71.472
2003-01-01,LCA,71.7707,71.7707,71.7707,71.7707
2004-01-01,LCA,72.0276,72.0276,72.0276,72.0276
2005-01-01,LCA,72.24449999999999,72.24449999999999,72.24449999999999,72.24449999999999
2006-01-01,LCA,72.4654,72.4654,72.4654,72.4654
2007-01-01,LCA,72.59849999999999,72.59849999999999,72.59849999999999,72.59849999999999
2008-01-01,LCA,72.69769999999998,72.69769999999998,72.69769999999998,72.69769999999998
2009-01-01,LCA,72.7222,72.7222,72.7222,72.7222
2010-01-01,LCA,72.71959999999999,72.71959999999999,72.71959999999999,72.71959999999999
2011-01-01,LCA,72.94400000000003,72.94400000000003,72.94400000000003,72.94400000000003
2012-01-01,LCA,72.88210000000001,72.88210000000001,72.88210000000001,72.88210000000001
2013-01-01,LCA,72.73530000000001,72.73530000000001,72.73530000000001,72.73530000000001
2014-01-01,LCA,72.86380000000001,72.86380000000001,72.86380000000001,72.86380000000001
2015-01-01,LCA,73.1381,73.1381,73.1381,73.1381
2016-01-01,LCA,73.1116,73.1116,73.1116,73.1116
2017-01-01,LCA,73.12750000000001,73.12750000000001,73.12750000000001,73.12750000000001
2018-01-01,LCA,73.35690000000001,73.35690000000001,73.35690000000001,73.35690000000001
2019-01-01,LCA,73.44490000000002,73.44490000000002,73.44490000000002,73.44490000000002
2019-12-31,LCA,73.86862621725376,73.40298590741443,73.35093414673165,-4257.7323754771005
2020-12-31,LCA,74.07625026425241,73.64310564524271,73.59105388455993,-4257.516576684874
2021-12-31,LCA,74.26159016437443,73.86308256143732,73.81103080075454,-4257.312265550598
2022-12-31,LCA,74.42671594095705,74.07065407019579,74.018602309513,-4257.132674385748
2023-12-31,LCA,74.602901634856,74.26775570753566,74.21570394685287,-4256.948380050192
2024-12-31,LCA,74.72541620390616,74.43256970115382,74.38051794047104,-4256.812986105627
2025-12-31,LCA,74.87245895570727,74.58501248386743,74.53296072318464,-4256.659233650676
2000-01-01,VCT,71.28431128797294,71.28431128797294,71.28431128797294,71.28431128797294
2001-01-01,VCT,71.94401277673576,71.94401277673576,71.94401277673576,71.94401277673576
2002-01-01,VCT,72.25913502446393,72.25913502446393,72.25913502446393,72.25913502446393
2003-01-01,VCT,72.4602078065463,72.4602078065463,72.4602078065463,72.4602078065463
2004-01-01,VCT,72.9251092109006,72.9251092109006,72.9251092109006,72.9251092109006
2005-01-01,VCT,73.61290794847073,73.61290794847073,73.61290794847073,73.61290794847073
2006-01-01,VCT,74.06028977194538,74.06028977194538,74.06028977194538,74.06028977194538
2007-01-01,VCT,74.56024844577782,74.56024844577782,74.56024844577782,74.56024844577782
2008-01-01,VCT,75.052584517058,75.052584517058,75.052584517058,75.052584517058
2009-01-01,VCT,75.00608880711869,75.00608880711869,75.00608880711869,75.00608880711869
2010-01-01,VCT,74.72483387305655,74.72483387305655,74.72483387305655,74.72483387305655
2011-01-01,VCT,74.44829760621327,74.44829760621327,74.44829760621327,74.44829760621327
2012-01-01,VCT,74.36624615027486,74.36624615027486,74.36624615027486,74.36624615027486
2013-01-01,VCT,74.04858367817191,74.04858367817191,74.04858367817191,74.04858367817191
2014-01-01,VCT,74.32668512945729,74.32668512945729,74.32668512945729,74.32668512945729
2015-01-01,VCT,74.49140893549118,74.49140893549118,74.49140893549118,74.49140893549118
2016-01-01,VCT,74.32382327232631,74.32382327232631,74.32382327232631,74.32382327232631
2017-01-01,VCT,73.93188824770664,73.93188824770664,73.93188824770664,73.93188824770664
2018-01-01,VCT,73.79472660267464,73.79472660267464,73.79472660267464,73.79472660267464
2019-01-01,VCT,73.30569184817774,73.30569184817774,73.30569184817774,73.30569184817774
2019-12-31,VCT,74.0731246139742,74.38922287930333,74.45569723113529,-25166.421041933623
2020-12-31,VCT,73.75102833753624,74.04767883529566,74.1141531871276,-25166.70115805768
2021-12-31,VCT,73.41834125596192,73.6995510622709,73.76602541410286,-25167.00166395491
2022-12-31,VCT,73.13711606298214,73.3951079143818,73.46158226621374,-25167.2499063811
2023-12-31,VCT,72.87192110441171,73.1148709920697,73.18134534390165,-25167.50928114623
2024-12-31,VCT,72.66269395031695,72.87740791515695,72.94388226698891,-25167.691808873613
2025-12-31,VCT,72.42281762648275,72.59621229373155,72.66268664556351,-25167.911774286513
2000-01-01,SUR,65.5077,65.5077,65.5077,65.5077
2001-01-01,SUR,65.48210000000002,65.48210000000002,65.48210000000002,65.48210000000002
2002-01-01,SUR,65.5313,65.5313,65.5313,65.5313
2003-01-01,SUR,65.59629999999999,65.59629999999999,65.59629999999999,65.59629999999999
2004-01-01,SUR,66.4163,66.4163,66.4163,66.4163
2005-01-01,SUR,67.0025,67.0025,67.0025,67.0025
2006-01-01,SUR,67.57129999999998,67.57129999999998,67.57129999999998,67.57129999999998
2007-01-01,SUR,68.204,68.204,68.204,68.204
2008-01-01,SUR,68.81620000000001,68.81620000000001,68.81620000000001,68.81620000000001
2009-01-01,SUR,69.50480000000003,69.50480000000003,69.50480000000003,69.50480000000003
2010-01-01,SUR,69.8945,69.8945,69.8945,69.8945
2011-01-01,SUR,69.9141,69.9141,69.9141,69.9141
2012-01-01,SUR,69.76439999999998,69.76439999999998,69.76439999999998,69.76439999999998
2013-01-01,SUR,69.68159999999999,69.68159999999999,69.68159999999999,69.68159999999999
2014-01-01,SUR,69.78239999999998,69.78239999999998,69.78239999999998,69.78239999999998
2015-01-01,SUR,70.8003,70.8003,70.8003,70.8003
2016-01-01,SUR,71.59239999999998,71.59239999999998,71.59239999999998,71.59239999999998
2017-01-01,SUR,72.41699999999997,72.41699999999997,72.41699999999997,72.41699999999997
2018-01-01,SUR,72.55319999999999,72.55319999999999,72.55319999999999,72.55319999999999
2019-01-01,SUR,72.24229999999997,72.24229999999997,72.24229999999997,72.24229999999997
2019-12-31,SUR,70.17108959664418,71.04106705541979,71.15934176750403,47.267946595098834
2020-12-31,SUR,70.24377701367054,71.09090846917991,71.20918318126415,47.38207459171173
2021-12-31,SUR,70.28842323788967,71.13670541327768,71.25498012536193,47.467135424943045
2022-12-31,SUR,70.32227788602412,71.17934188838666,71.2976166004709,47.53427950900861
2023-12-31,SUR,70.5029785059915,71.34638303535891,71.46465774744316,47.720145611379564
2024-12-31,SUR,70.68141756605003,71.548133332887,71.66640804497125,47.920040427625395
2025-12-31,SUR,70.78322371292211,71.58857053808224,71.70684525016648,48.033158063012905
2000-01-01,BHS,72.10338903014218,72.10338903014218,72.10338903014218,72.10338903014218
2001-01-01,BHS,72.25405736146452,72.25405736146452,72.25405736146452,72.25405736146452
2002-01-01,BHS,72.16116441031214,72.16116441031214,72.16116441031214,72.16116441031214
2003-01-01,BHS,72.41739905491795,72.41739905491795,72.41739905491795,72.41739905491795
2004-01-01,BHS,72.59795368404951,72.59795368404951,72.59795368404951,72.59795368404951
2005-01-01,BHS,72.59655280651062,72.59655280651062,72.59655280651062,72.59655280651062
2006-01-01,BHS,72.73423876217271,72.73423876217271,72.73423876217271,72.73423876217271
2007-01-01,BHS,72.71643421960276,72.71643421960276,72.71643421960276,72.71643421960276
2008-01-01,BHS,72.59535428103422,72.59535428103422,72.59535428103422,72.59535428103422
2009-01-01,BHS,72.33251253182435,72.33251253182435,72.33251253182435,72.33251253182435
2010-01-01,BHS,72.9839824131981,72.9839824131981,72.9839824131981,72.9839824131981
2011-01-01,BHS,72.71999749641905,72.71999749641905,72.71999749641905,72.71999749641905
2012-01-01,BHS,72.73620438253307,72.73620438253307,72.73620438253307,72.73620438253307
2013-01-01,BHS,72.94416286345356,72.94416286345356,72.94416286345356,72.94416286345356
2014-01-01,BHS,73.54027884149225,73.54027884149225,73.54027884149225,73.54027884149225
2015-01-01,BHS,73.3452058872981,73.3452058872981,73.3452058872981,73.3452058872981
2016-01-01,BHS,73.38890383899519,73.38890383899519,73.38890383899519,73.38890383899519
2017-01-01,BHS,73.0570028429347,73.0570028429347,73.0570028429347,73.0570028429347
2018-01-01,BHS,72.74842379032789,72.74842379032789,72.74842379032789,72.74842379032789
2019-01-01,BHS,72.55648069506715,72.55648069506715,72.55648069506715,72.55648069506715
2019-12-31,BHS,71.94276801077837,71.97178390111048,71.99618766898129,10632.699257623193
2020-12-31,BHS,71.86959276067549,71.89610037176104,71.92050413963183,10632.490370976806
2021-12-31,BHS,71.80518328247659,71.82970587066185,71.85410963853266,10632.290138984254
2022-12-31,BHS,71.72087795223092,71.74210983858471,71.76651360645552,10632.058381497081
2023-12-31,BHS,71.5270248809732,71.5465241724729,71.57092794034371,10631.80532773658
2024-12-31,BHS,71.33846042315923,71.35422366069152,71.37862742856233,10631.517224759844
2025-12-31,BHS,71.08163856002317,71.0917561652648,71.1161599331356,10631.22328085614
2000-01-01,TTO,69.24076028388747,69.24076028388747,69.24076028388747,69.24076028388747
2001-01-01,TTO,69.44608563959872,69.44608563959872,69.44608563959872,69.44608563959872
2002-01-01,TTO,70.1034682880839,70.1034682880839,70.1034682880839,70.1034682880839
2003-01-01,TTO,70.48451939946605,70.48451939946605,70.48451939946605,70.48451939946605
2004-01-01,TTO,70.76521793815375,70.76521793815375,70.76521793815375,70.76521793815375
2005-01-01,TTO,71.1165758654009,71.1165758654009,71.1165758654009,71.1165758654009
2006-01-01,TTO,71.36461152429386,71.36461152429386,71.36461152429386,71.36461152429386
2007-01-01,TTO,71.64729844519933,71.64729844519933,71.64729844519933,71.64729844519933
2008-01-01,TTO,71.96945349815017,71.96945349815017,71.96945349815017,71.96945349815017
2009-01-01,TTO,72.70818954416546,72.70818954416546,72.70818954416546,72.70818954416546
2010-01-01,TTO,72.8910872363462,72.8910872363462,72.8910872363462,72.8910872363462
2011-01-01,TTO,73.31132750675509,73.31132750675509,73.31132750675509,73.31132750675509
2012-01-01,TTO,73.59866142077385,73.59866142077385,73.59866142077385,73.59866142077385
2013-01-01,TTO,73.86214268713798,73.86214268713798,73.86214268713798,73.86214268713798
2014-01-01,TTO,74.26194237770716,74.26194237770716,74.26194237770716,74.26194237770716
2015-01-01,TTO,74.15545035898536,74.15545035898536,74.15545035898536,74.15545035898536
2016-01-01,TTO,74.3884352833805,74.3884352833805,74.3884352833805,74.3884352833805
2017-01-01,TTO,74.40262867978029,74.40262867978029,74.40262867978029,74.40262867978029
2018-01-01,TTO,74.00903186406214,74.00903186406214,74.00903186406214,74.00903186406214
2019-01-01,TTO,74.06405781763308,74.06405781763308,74.06405781763308,74.06405781763308
2019-12-31,TTO,75.81009992573192,76.07347698054852,76.23245248711606,542.6000051394741
2020-12-31,TTO,75.94642739467344,76.18774941626809,76.34672492283563,542.7169835874963
2021-12-31,TTO,76.08386187449655,76.30966209458148,76.46863760114903,542.8443893979976
2022-12-31,TTO,76.22827019806763,76.44941619509444,76.60839170166197,542.9804511027983
2023-12-31,TTO,76.3338273486666,76.55679598838805,76.71577149495559,543.0980637926817
2024-12-31,TTO,76.49876579559866,76.71161272226139,76.87058822882892,543.217126470445
2025-12-31,TTO,76.59320416635983,76.80019216143326,76.95916766800079,543.2952512793504
2000-01-01,USA,76.81139999999999,76.81139999999999,76.81139999999999,76.81139999999999
2001-01-01,USA,76.9285,76.9285,76.9285,76.9285
2002-01-01,USA,77.0005,77.0005,77.0005,77.0005
2003-01-01,USA,77.15360000000001,77.15360000000001,77.15360000000001,77.15360000000001
2004-01-01,USA,77.5581,77.5581,77.5581,77.5581
2005-01-01,USA,77.5573,77.5573,77.5573,77.5573
2006-01-01,USA,77.8386,77.8386,77.8386,77.8386
2007-01-01,USA,78.1004,78.1004,78.1004,78.1004
2008-01-01,USA,78.1958,78.1958,78.1958,78.1958
2009-01-01,USA,78.564,78.564,78.564,78.564
2010-01-01,USA,78.7724,78.7724,78.7724,78.7724
2011-01-01,USA,78.82000000000001,78.82000000000001,78.82000000000001,78.82000000000001
2012-01-01,USA,78.9441,78.9441,78.9441,78.9441
2013-01-01,USA,78.9507,78.9507,78.9507,78.9507
2014-01-01,USA,79.01750000000001,79.01750000000001,79.01750000000001,79.01750000000001
2015-01-01,USA,78.8694,78.8694,78.8694,78.8694
2016-01-01,USA,78.8482,78.8482,78.8482,78.8482
2017-01-01,USA,78.8213,78.8213,78.8213,78.8213
2018-01-01,USA,78.98959999999998,78.98959999999998,78.98959999999998,78.98959999999998
2019-01-01,USA,79.13800000000002,79.13800000000002,79.13800000000002,79.13800000000002
2019-12-31,USA,79.42214707911272,79.56636828121293,79.97828477227348,79.35647600337917
2020-12-31,USA,79.48442939769258,79.62767684249377,80.03959333355431,79.41648664643083
2021-12-31,USA,79.52247705454211,79.66537567854692,80.07729216960747,79.45226394699374
2022-12-31,USA,79.5508670142345,79.69748859111135,80.1094050821719,79.47856589063228
2023-12-31,USA,79.61568860725018,79.7540633301026,80.16597982116313,79.54171895115918
2024-12-31,USA,79.68062500317227,79.81616765786033,80.22808414892087,79.60429933153496
2025-12-31,USA,79.76298432408929,79.8994294276581,80.31134591871864,79.6873178783119
2000-01-01,URY,75.0247,75.0247,75.0247,75.0247
2001-01-01,URY,75.2851,75.2851,75.2851,75.2851
2002-01-01,URY,75.5399,75.5399,75.5399,75.5399
2003-01-01,URY,75.78509999999999,75.78509999999999,75.78509999999999,75.78509999999999
2004-01-01,URY,76.0069,76.0069,76.0069,76.0069
2005-01-01,URY,76.19349999999999,76.19349999999999,76.19349999999999,76.19349999999999
2006-01-01,URY,76.36150000000002,76.36150000000002,76.36150000000002,76.36150000000002
2007-01-01,URY,76.4981,76.4981,76.4981,76.4981
2008-01-01,URY,76.623,76.623,76.623,76.623
2009-01-01,URY,76.7384,76.7384,76.7384,76.7384
2010-01-01,URY,76.85799999999999,76.85799999999999,76.85799999999999,76.85799999999999
2011-01-01,URY,76.9833,76.9833,76.9833,76.9833
2012-01-01,URY,77.111,77.111,77.111,77.111
2013-01-01,URY,77.24,77.24,77.24,77.24
2014-01-01,URY,77.36629999999998,77.36629999999998,77.36629999999998,77.36629999999998
2015-01-01,URY,77.4827,77.4827,77.4827,77.4827
2016-01-01,URY,77.5707,77.5707,77.5707,77.5707
2017-01-01,URY,77.6247,77.6247,77.6247,77.6247
2018-01-01,URY,77.611,77.611,77.611,77.611
2019-01-01,URY,77.50849999999998,77.50849999999998,77.50849999999998,77.50849999999998
2019-12-31,URY,77.88988071736182,78.05713152588751,78.12107808562175,75.97707615744369
2020-12-31,URY,77.90040816071401,78.05129466522519,78.11524122495942,75.99674055103756
2021-12-31,URY,77.91046363363974,78.05301669434041,78.11696325407465,76.01091553158997
2022-12-31,URY,77.94844462780908,78.08328921353612,78.14723577327035,76.05579480699402
2023-12-31,URY,78.00040506836837,78.12679869091984,78.19074525065407,76.1092277337889
2024-12-31,URY,78.05124358065032,78.1605115159251,78.22445807565933,76.16107239766372
2025-12-31,URY,78.08536230911169,78.18006024632022,78.24400680605446,76.1969190792097
2000-01-01,VEN,72.22990179598136,72.22990179598136,72.22990179598136,72.22990179598136
2001-01-01,VEN,71.78661341467233,71.78661341467233,71.78661341467233,71.78661341467233
2002-01-01,VEN,72.17090626099692,72.17090626099692,72.17090626099692,72.17090626099692
2003-01-01,VEN,72.12225663491638,72.12225663491638,72.12225663491638,72.12225663491638
2004-01-01,VEN,72.54809060462662,72.54809060462662,72.54809060462662,72.54809060462662
2005-01-01,VEN,72.84122488962198,72.84122488962198,72.84122488962198,72.84122488962198
2006-01-01,VEN,72.7139335492553,72.7139335492553,72.7139335492553,72.7139335492553
2007-01-01,VEN,72.79852543681909,72.79852543681909,72.79852543681909,72.79852543681909
2008-01-01,VEN,72.61010864390475,72.61010864390475,72.61010864390475,72.61010864390475
2009-01-01,VEN,72.62632475692659,72.62632475692659,72.62632475692659,72.62632475692659
2010-01-01,VEN,72.89273421878566,72.89273421878566,72.89273421878566,72.89273421878566
2011-01-01,VEN,72.98278410257375,72.98278410257375,72.98278410257375,72.98278410257375
2012-01-01,VEN,72.82571728684223,72.82571728684223,72.82571728684223,72.82571728684223
2013-01-01,VEN,73.24507623406322,73.24507623406322,73.24507623406322,73.24507623406322
2014-01-01,VEN,72.92129140219284,72.92129140219284,72.92129140219284,72.92129140219284
2015-01-01,VEN,72.7520049949136,72.7520049949136,72.7520049949136,72.7520049949136
2016-01-01,VEN,72.25728510525042,72.25728510525042,72.25728510525042,72.25728510525042
2017-01-01,VEN,71.93760030938294,71.93760030938294,71.93760030938294,71.93760030938294
2018-01-01,VEN,72.02812493416928,72.02812493416928,72.02812493416928,72.02812493416928
2019-01-01,VEN,72.13831367498719,72.13831367498719,72.13831367498719,72.13831367498719
2019-12-31,VEN,70.00847714242322,69.77711019359081,69.69540411320078,69.84686428285205
2020-12-31,VEN,69.41540838555521,69.19001651393728,69.10831043354723,69.25804840516525
2021-12-31,VEN,68.88267869918168,68.65453748239662,68.57283140200659,68.73275403282865
2022-12-31,VEN,68.34134715705252,68.1220792885139,68.04037320812387,68.19376137844428
2023-12-31,VEN,67.8494193965089,67.62657633692544,67.5448702565354,67.69395059036397
2024-12-31,VEN,67.40330408342807,67.18320752690074,67.10150144651071,67.23446958288321
2025-12-31,VEN,67.03575471366042,66.83373565798665,66.7520295775966,66.84899217696213
