PAIS,NOMBRE PAIS,ANIO,FUERZA LABORAL,DESEMPLEO,EMPLEADOS,INGRESO MEDIO PC,TRAB.INDEX,POBLACION,ESPERANZA
ARG,Argentina,2000,16436817.0,15.0,13971294.0,7470.0,2830.575346949385,36870796.0,73.926
ARG,Argentina,2001,16504173.0,17.3199996948242,13645650.0,7000.0,2562.519107651098,37275644.0,74.1864
ARG,Argentina,2002,16336016.0,19.5900001525879,13135790.0,4040.0,1408.3369657290004,37681743.0,74.408
ARG,Argentina,2003,16799186.0,15.3599996566772,14218831.0,3650.0,1362.6054331844164,38087866.0,74.0801
ARG,Argentina,2004,17277472.0,13.5200004577637,14941558.0,3370.0,1308.1442820411635,38491970.0,74.8549
ARG,Argentina,2005,17396830.0,11.5100002288818,15394455.0,4260.0,1686.1776270665584,38892924.0,75.1388
ARG,Argentina,2006,17709282.0,10.0799999237061,15924186.0,5480.0,2221.043896397128,39289876.0,75.4326
ARG,Argentina,2007,17752637.0,8.47000026702881,16248989.0,6510.0,2665.560697639064,39684303.0,75.0057
ARG,Argentina,2008,17796615.0,7.84000015258789,16401360.0,7670.0,3138.670961859208,40080159.0,75.6411
ARG,Argentina,2009,18144303.0,8.64999961853027,16574821.0,7800.0,3193.545123104917,40482786.0,75.9359
ARG,Argentina,2010,18158593.0,7.71000003814697,16758565.0,9270.0,3808.722472264393,40788453.0,75.7208
ARG,Argentina,2011,18563047.0,7.17999982833862,17230220.0,10710.0,4472.345913829094,41261490.0,76.124
ARG,Argentina,2012,18728448.0,7.21999979019165,17376254.0,11890.0,4950.574328573478,41733271.0,76.4669
ARG,Argentina,2013,18849614.0,7.09999990463257,17511291.0,12870.0,5340.157388816679,42202935.0,76.4908
ARG,Argentina,2014,18928695.0,7.26999998092651,17552579.0,12350.0,5080.311478925228,42669500.0,76.7549
ARG,Argentina,2015,19106351.0,7.52099990844727,17669362.0,12600.0,5161.692866028875,43131966.0,76.7602
ARG,Argentina,2016,19274835.0,8.11100006103516,17711453.0,12220.0,4965.178446302632,43590368.0,76.3077
ARG,Argentina,2017,19446034.0,8.35000038146973,17822290.0,13140.0,5316.968906961594,44044811.0,76.833
ARG,Argentina,2018,19952439.0,9.22000026702881,18112824.0,12430.0,5060.004993875423,44494502.0,76.9994
ARG,Argentina,2019,20429749.0,9.84000015258789,18419462.0,11260.0,4615.244471626156,44938712.0,77.2845
ARG,Argentina,2020,19208592.0,11.460000038147,17007287.0,9080.0,3403.1992533270827,45376763.0,75.8921
ATG,Antigua and Barbuda,2000,32683.01,10.991,29091.0,10100.0,3865.6847395634613,76007.0,74.6058
ATG,Antigua and Barbuda,2001,33973.28,12.349,29778.0,9850.0,3798.8045899601098,77212.0,75.0781
ATG,Antigua and Barbuda,2002,35234.1,13.57,30453.0,9660.0,3757.132749240083,78298.0,75.5357
ATG,Antigua and Barbuda,2003,36483.060000000005,14.75,31102.0,10530.0,4129.364905246435,79311.0,75.4778
ATG,Antigua and Barbuda,2004,36959.62,13.915,31817.0,11450.0,4534.141287166914,80347.0,75.6721
ATG,Antigua and Barbuda,2005,38287.14,12.424,33530.0,12420.0,5112.108713265081,81462.0,75.8254
ATG,Antigua and Barbuda,2006,39703.2,10.619,35487.0,13810.0,5924.8681617602615,82715.0,75.7647
ATG,Antigua and Barbuda,2007,41174.21,9.315,37339.0,15090.0,6705.3696937961895,84029.0,76.1311
ATG,Antigua and Barbuda,2008,42697.0,8.468,39081.0,15250.0,6979.2403447549,85394.0,76.4103
ATG,Antigua and Barbuda,2009,44238.93,10.202,39726.0,13600.0,6228.44033524319,86743.0,76.6694
ATG,Antigua and Barbuda,2010,44895.3,11.335,39806.0,12690.0,5738.249914801772,88030.0,76.8195
ATG,Antigua and Barbuda,2011,46410.0,12.456,40629.0,12370.0,5631.156638655462,89250.0,77.1038
ATG,Antigua and Barbuda,2012,48819.780000000006,12.582,42677.0,12780.0,6032.852102160231,90407.0,77.3502
ATG,Antigua and Barbuda,2013,50330.50000000001,14.63,42967.0,12620.0,5925.511310239318,91510.0,77.5834
ATG,Antigua and Barbuda,2014,50909.100000000006,14.067,43748.0,12760.0,6030.816965925542,92562.0,77.8577
ATG,Antigua and Barbuda,2015,52399.76,13.526,45312.0,12850.0,6222.645905248421,93571.0,77.9127
ATG,Antigua and Barbuda,2016,52931.200000000004,12.882,46113.0,13580.0,6625.206728734659,94520.0,78.1516
ATG,Antigua and Barbuda,2017,54392.24999999999,12.387,47655.0,14320.0,7151.371233953367,95425.0,78.2683
ATG,Antigua and Barbuda,2018,55843.56,12.512,48856.0,15880.0,8057.9265075507365,96282.0,78.5112
ATG,Antigua and Barbuda,2019,55355.549999999996,10.01,49814.0,16420.0,8422.446378005458,97115.0,78.6912
ATG,Antigua and Barbuda,2020,54839.68000000001,11.0,48807.0,13750.0,6852.955742994854,97928.0,78.8406
BHS,"Bahamas, The",2000,161185.0,7.20100021362305,149578.0,26360.0,13229.130097804024,298045.0,72.0411
BHS,"Bahamas, The",2001,163923.0,6.86999988555908,152661.0,26560.0,13398.661546900714,302618.0,72.1101
BHS,"Bahamas, The",2002,167729.0,9.05000019073486,152550.0,27190.0,13482.009185554043,307657.0,72.2316
BHS,"Bahamas, The",2003,170367.0,10.8400001525879,151899.0,27770.0,13471.495961650853,313123.0,72.402
BHS,"Bahamas, The",2004,173097.0,10.1999998092651,155441.0,29270.0,14267.350082943181,318893.0,72.478
BHS,"Bahamas, The",2005,175701.0,10.1999998092651,157779.0,30570.0,14847.879716051815,324848.0,72.7654
BHS,"Bahamas, The",2006,178645.0,7.53999996185303,165175.0,30760.0,15348.31375818652,331032.0,72.855
BHS,"Bahamas, The",2007,181402.0,7.88000011444092,167108.0,31090.0,15398.89717149742,337387.0,72.6785
BHS,"Bahamas, The",2008,184093.0,8.18000030517578,169034.0,30900.0,15197.714734636871,343680.0,72.6671
BHS,"Bahamas, The",2009,186729.0,14.25,160120.0,28980.0,13273.105263157895,349600.0,72.5794
BHS,"Bahamas, The",2010,189247.0,14.3140001296997,162158.0,28290.0,12924.723950233281,354936.0,72.7314
BHS,"Bahamas, The",2011,191668.0,14.5200004577637,163838.0,27900.0,12712.169930169113,359583.0,72.5638
BHS,"Bahamas, The",2012,200871.0,14.0200004577637,172709.0,28590.0,13580.88104163859,363581.0,72.7528
BHS,"Bahamas, The",2013,199676.0,16.1800003051758,167368.0,27600.0,12581.249693595742,367162.0,73.0237
BHS,"Bahamas, The",2014,203253.0,13.8000001907349,175204.0,28180.0,13321.413072512647,370625.0,73.3658
BHS,"Bahamas, The",2015,206732.0,12.0,181924.0,28810.0,14006.495029396045,374200.0,73.104
BHS,"Bahamas, The",2016,210492.0,12.6999998092651,183760.0,28930.0,14066.825252763128,377923.0,73.5368
BHS,"Bahamas, The",2017,213870.0,9.80000019073486,192911.0,30580.0,15453.133813055176,381749.0,73.6317
BHS,"Bahamas, The",2018,217185.0,10.0,195466.0,31070.0,15748.385442192746,385635.0,73.8057
BHS,"Bahamas, The",2019,220584.0,10.0609998703003,198391.0,32420.0,16513.651889926725,389486.0,71.205
BHS,"Bahamas, The",2020,204715.0,13.3210000991821,177445.0,24290.0,10960.358476076166,393248.0,72.6766
BLZ,Belize,2000,87259.0,10.8509998321533,77791.0,3150.0,990.8279082932352,247310.0,68.5645
BLZ,Belize,2001,90856.0,9.06999969482422,82615.0,3140.0,1017.0272241127856,255068.0,68.3572
BLZ,Belize,2002,94349.0,10.039999961853,84876.0,3220.0,1041.59398140914,262387.0,68.7521
BLZ,Belize,2003,97837.0,10.2399997711182,87818.0,3450.0,1124.5011654319521,269428.0,68.9091
BLZ,Belize,2004,101476.0,10.5869998931885,90733.0,3590.0,1177.9841672814593,276516.0,69.227
BLZ,Belize,2005,105320.0,10.9099998474121,93830.0,3660.0,1210.0782951254062,283798.0,69.3757
BLZ,Belize,2006,109682.0,9.39000034332275,99383.0,3760.0,1282.6341912143284,291338.0,70.0932
BLZ,Belize,2007,114214.0,8.51000022888184,104494.0,3710.0,1296.4299353578726,299031.0,70.6549
BLZ,Belize,2008,118892.0,8.18000030517578,109167.0,3880.0,1380.5006159923344,306822.0,71.1507
BLZ,Belize,2009,123687.0,8.25,113483.0,4060.0,1464.273505903291,314655.0,71.8186
BLZ,Belize,2010,128573.0,8.24199962615967,117976.0,3910.0,1430.4999302249857,322465.0,72.2716
BLZ,Belize,2011,133680.0,8.28400039672852,122606.0,4070.0,1511.0600297968726,330236.0,72.6512
BLZ,Belize,2012,138797.0,8.30599975585938,127269.0,4120.0,1551.3216824802294,338001.0,73.245
BLZ,Belize,2013,143961.0,8.35000038146973,131940.0,4180.0,1595.3081655853077,345707.0,73.6661
BLZ,Belize,2014,150728.0,8.23999977111816,138308.0,4290.0,1679.1126480759326,353366.0,73.3107
BLZ,Belize,2015,156522.0,7.57999992370605,144658.0,4440.0,1779.537966231305,360926.0,73.1866
BLZ,Belize,2016,162081.0,7.0,150735.0,4370.0,1788.0394626478355,368399.0,73.3988
BLZ,Belize,2017,166252.0,6.59999990463257,155279.0,4430.0,1830.5793892621914,375775.0,73.5624
BLZ,Belize,2018,171026.0,6.64400005340576,159663.0,4560.0,1900.5961819088368,383071.0,73.7031
BLZ,Belize,2019,175539.0,6.71099996566772,163759.0,4610.0,1933.9747816708552,390351.0,73.9313
BLZ,Belize,2020,170828.0,8.46199989318848,156373.0,3930.0,1545.5569248103093,397621.0,72.854
BOL,Bolivia,2000,3687215.0,2.37800002098084,3599533.0,980.0,419.0341174611886,8418270.0,62.3461
BOL,Bolivia,2001,3793707.0,2.48499989509583,3699433.0,950.0,409.5992316768614,8580244.0,62.8426
BOL,Bolivia,2002,3903550.0,2.49399995803833,3806195.0,920.0,400.5227831471349,8742822.0,63.3064
BOL,Bolivia,2003,4016609.0,2.53699994087219,3914708.0,910.0,400.00631946300285,8905820.0,63.6348
BOL,Bolivia,2004,4132754.0,2.50300002098084,4029311.0,950.0,422.078165019378,9069044.0,64.0041
BOL,Bolivia,2005,4252111.0,2.54399991035461,4143937.0,1020.0,457.8290655818089,9232301.0,64.3856
BOL,Bolivia,2006,4371661.0,2.57599997520447,4259047.0,1110.0,503.1736290623258,9395449.0,64.7793
BOL,Bolivia,2007,4420346.0,2.64599990844727,4303384.0,1220.0,549.2663633953581,9558438.0,65.0267
BOL,Bolivia,2008,4518001.0,2.59999990463257,4400533.0,1480.0,669.9395821017364,9721457.0,65.4459
BOL,Bolivia,2009,4641844.0,2.97000002861023,4503981.0,1620.0,738.1491382214493,9884790.0,65.8803
BOL,Bolivia,2010,4742968.0,2.61400008201599,4618987.0,1780.0,818.2034626326441,10048597.0,66.1624
BOL,Bolivia,2011,4846370.0,2.25,4737327.0,2000.0,927.7097285593557,10212951.0,66.5337
BOL,Bolivia,2012,4723397.0,2.0699999332428,4625623.0,2250.0,1002.8883872566086,10377677.0,66.7046
BOL,Bolivia,2013,4875374.0,2.44000005722046,4756415.0,2590.0,1168.5331673365822,10542375.0,67.0207
BOL,Bolivia,2014,5131268.0,2.01999998092651,5027616.0,2830.0,1328.924549412288,10706517.0,67.1632
BOL,Bolivia,2015,4928636.0,3.10999989509583,4775355.0,2960.0,1300.4047201899734,10869732.0,67.3182
BOL,Bolivia,2016,5054335.0,3.5,4877433.0,3040.0,1344.0568856169,11031822.0,67.6277
BOL,Bolivia,2017,5259275.0,3.65000009536743,5067311.0,3090.0,1398.9276004964954,11192853.0,67.7015
BOL,Bolivia,2018,5618578.0,3.51999998092651,5420804.0,3370.0,1609.0799091705026,11353140.0,67.748
BOL,Bolivia,2019,5645342.0,3.8199999332428,5429690.0,3520.0,1660.0659665831154,11513102.0,67.841
BOL,Bolivia,2020,5251670.0,7.90000009536743,4836788.0,3190.0,1321.7952015710746,11673029.0,64.4667
BRA,Brazil,2000,77377185.0,9.56099987030029,69979152.0,3940.0,1577.4204710478878,174790339.0,69.7367
BRA,Brazil,2001,79670542.0,9.60999965667725,72014203.0,3340.0,1357.4085689979627,177196051.0,70.1949
BRA,Brazil,2002,82226244.0,9.36999988555908,74521645.0,3100.0,1286.73435858865,179537523.0,70.4103
BRA,Brazil,2003,83821485.0,9.98999977111816,75447719.0,2990.0,1240.798734139173,181809244.0,70.7204
BRA,Brazil,2004,86393585.0,9.10999965667725,78523130.0,3350.0,1429.5827349644574,184006479.0,71.1307
BRA,Brazil,2005,88870707.0,9.56999969482422,80365781.0,4000.0,1727.1160953083738,186127108.0,71.7533
BRA,Brazil,2006,89980224.0,8.64000034332275,82205932.0,4850.0,2118.851989165198,188167353.0,72.0373
BRA,Brazil,2007,91126146.0,8.32999992370605,83535338.0,6200.0,2724.019793884141,190130445.0,72.3653
BRA,Brazil,2008,92409809.0,7.34000015258789,85626929.0,7620.0,3397.7814351045176,192030362.0,72.7153
BRA,Brazil,2009,94205652.0,8.52000045776367,86179330.0,8330.0,3702.546594978335,193886505.0,72.9484
BRA,Brazil,2010,94040209.0,7.27400016784668,87199724.0,9640.0,4295.078014211141,195713637.0,73.1821
BRA,Brazil,2011,93794015.0,6.92000007629395,87303469.0,11070.0,4893.054440128537,197514541.0,73.3432
BRA,Brazil,2012,94871140.0,7.19000005722046,88049905.0,12300.0,5434.4349839426795,199287292.0,73.5517
BRA,Brazil,2013,96095664.0,6.98000001907349,89388187.0,12770.0,5678.026289224436,201035904.0,73.9185
BRA,Brazil,2014,97184947.0,6.65999984741211,90712430.0,12100.0,5413.29717703378,202763744.0,74.3058
BRA,Brazil,2015,98729764.0,8.43000030517578,90406845.0,10170.0,4496.648427864309,204471759.0,74.3325
BRA,Brazil,2016,99749646.0,11.6000003814697,88178687.0,8910.0,3810.925761451654,206163056.0,74.4415
BRA,Brazil,2017,101501800.0,12.8199996948242,88489270.0,8680.0,3695.677850321044,207833825.0,74.8266
BRA,Brazil,2018,102576163.0,12.3299999237061,89928522.0,9140.0,3923.947865396231,209469320.0,75.1095
BRA,Brazil,2019,104376954.0,11.9300003051758,91924783.0,9220.0,4015.865581100898,211049519.0,75.3379
BRA,Brazil,2020,96539743.0,13.6899995803833,83323453.0,7800.0,3057.6060427416787,212559409.0,74.0089
BRB,Barbados,2000,145844.0,9.35000038146973,132208.0,10780.0,5249.1510104562985,271511.0,74.0891
BRB,Barbados,2001,148868.0,9.85000038146973,134205.0,10630.0,5235.341512106688,272494.0,74.2467
BRB,Barbados,2002,147600.0,10.3199996948242,132368.0,10650.0,5155.817908515377,273423.0,74.3656
BRB,Barbados,2003,150135.0,11.0,133620.0,11300.0,5503.956898782857,274331.0,74.4717
BRB,Barbados,2004,151979.0,9.56999969482422,137435.0,12290.0,6135.780814652558,275283.0,74.7268
BRB,Barbados,2005,152684.0,9.07999992370605,138820.0,13240.0,6651.624203821656,276320.0,74.8901
BRB,Barbados,2006,149927.0,8.72999954223633,136838.0,14240.0,7022.51777637625,277475.0,75.0683
BRB,Barbados,2007,150785.0,7.40999984741211,139612.0,15520.0,7774.562129307035,278701.0,75.3424
BRB,Barbados,2008,151391.0,8.11999988555908,139098.0,16160.0,8029.490258835633,279946.0,75.4471
BRB,Barbados,2009,150815.0,10.0200004577637,135703.0,15740.0,7598.406371950894,281107.0,75.678
BRB,Barbados,2010,150802.0,10.6899995803833,134681.0,15540.0,7418.336659211501,282131.0,75.7115
BRB,Barbados,2011,154038.0,11.1899995803833,136801.0,15040.0,7270.606211592759,282987.0,75.9166
BRB,Barbados,2012,151737.0,11.5900001525879,134151.0,15730.0,7438.174502463888,283698.0,76.0987
BRB,Barbados,2013,153789.0,11.5500001907349,136026.0,15660.0,7492.83192751166,284294.0,76.2752
BRB,Barbados,2014,148096.0,12.1700000762939,130073.0,15630.0,7137.8600544193805,284825.0,76.4758
BRB,Barbados,2015,149130.0,9.80000019073486,134515.0,15760.0,7429.918654736495,285327.0,76.6502
BRB,Barbados,2016,153451.0,8.25,140791.0,15940.0,7852.4291282654185,285798.0,76.8149
BRB,Barbados,2017,151745.0,8.61999988555908,138665.0,16090.0,7794.877004077155,286229.0,76.936
BRB,Barbados,2018,150615.0,8.31999969482422,138084.0,16610.0,8001.588194250628,286640.0,77.067
BRB,Barbados,2019,148325.0,8.40999984741211,135851.0,17130.0,8107.8653826723485,287021.0,77.2569
BRB,Barbados,2020,141940.0,10.3769998550415,127211.0,15750.0,6972.078776216111,287371.0,77.3929
CAN,Canada,2000,16311911.0,6.82999992370605,15197807.0,22620.0,11203.070428502107,30685730.0,79.2335
CAN,Canada,2001,16594438.0,7.21999979019165,15396320.0,23030.0,11430.268842601676,31020902.0,79.4507
CAN,Canada,2002,17078583.0,7.65999984741211,15770364.0,23610.0,11873.002425791083,31360079.0,79.568
CAN,Canada,2003,17472797.0,7.57000017166138,16150106.0,25860.0,13198.121969807384,31644028.0,79.7396
CAN,Canada,2004,17680867.0,7.19000005722046,16409613.0,29900.0,15361.220009420596,31940655.0,80.0332
CAN,Canada,2005,17821886.0,6.76000022888184,16617126.0,34810.0,17939.665896212515,32243753.0,80.1364
CAN,Canada,2006,18030705.0,6.32000017166138,16891164.0,38510.0,19970.994156980647,32571174.0,80.5466
CAN,Canada,2007,18379605.0,6.03999996185303,17269477.0,43090.0,22625.83837404727,32889025.0,80.5495
CAN,Canada,2008,18667574.0,6.1399998664856,17521385.0,45650.0,24057.761194519175,33247118.0,80.7388
CAN,Canada,2009,18799155.0,8.34000015258789,17231305.0,43230.0,22150.871003938726,33628895.0,81.0737
CAN,Canada,2010,19001081.0,8.0600004196167,17469594.0,44490.0,22856.190974774247,34004889.0,81.3469
CAN,Canada,2011,19147395.0,7.51000022888184,17709426.0,47190.0,24336.75501570677,34339328.0,81.5286
CAN,Canada,2012,19322866.0,7.28999996185303,17914229.0,51080.0,26359.767397926993,34714222.0,81.7221
CAN,Canada,2013,19546552.0,7.07000017166138,18164611.0,52800.0,27337.81940939181,35082954.0,81.8029
CAN,Canada,2014,19629145.0,6.90999984741211,18272771.0,52200.0,26916.131096960038,35437435.0,81.8545
CAN,Canada,2015,19747709.0,6.90999984741211,18383142.0,47590.0,24503.710671971035,35702908.0,81.9246
CAN,Canada,2016,19955331.0,7.0,18558458.0,43890.0,22557.249888928083,36109487.0,82.0434
CAN,Canada,2017,20218237.0,6.34000015258789,18936401.0,42900.0,22229.20664406162,36545236.0,82.0192
CAN,Canada,2018,20396646.0,5.82999992370605,19207522.0,45080.0,23360.936987489356,37065084.0,82.0508
CAN,Canada,2019,20792599.0,5.65999984741211,19615738.0,46540.0,24278.898496671518,37601230.0,82.3628
CAN,Canada,2020,20509919.0,9.46000003814697,18569681.0,43540.0,21256.134145401433,38037204.0,82.0471
CHL,Chile,2000,6233433.0,10.4899997711182,5579546.0,5080.0,1847.4414727861117,15342350.0,76.8695
CHL,Chile,2001,6247071.0,10.3900003433228,5598000.0,4830.0,1742.59763012796,15516112.0,76.7726
CHL,Chile,2002,6301163.0,10.1700000762939,5660335.0,4570.0,1649.2635682317216,15684413.0,77.4445
CHL,Chile,2003,6473698.0,9.77000045776367,5841218.0,4620.0,1702.6514063497557,15849649.0,77.3867
CHL,Chile,2004,6633642.0,10.1599998474121,5959664.0,5260.0,1957.407895561728,16014972.0,77.6161
CHL,Chile,2005,6795422.0,9.34000015258789,6160730.0,6260.0,2383.170844097649,16182713.0,78.0159
CHL,Chile,2006,7058723.0,9.02000045776367,6422026.0,7420.0,2913.6575575161023,16354507.0,78.261
CHL,Chile,2007,7245422.0,8.43000030517578,6634633.0,8770.0,3519.965148034195,16530201.0,77.8258
CHL,Chile,2008,7529103.0,9.28999996185303,6829649.0,10030.0,4099.852406490086,16708255.0,78.4841
CHL,Chile,2009,7632661.0,11.3100004196167,6769407.0,9950.0,3988.7993432974554,16886184.0,78.7409
CHL,Chile,2010,7797414.0,8.42000007629395,7140872.0,10790.0,4515.743231763213,17062531.0,78.5015
CHL,Chile,2011,8086638.0,7.34000015258789,7493079.0,11930.0,5187.106319265917,17233584.0,79.1099
CHL,Chile,2012,8164043.0,6.65999984741211,7620318.0,14270.0,6249.4077196913,17400359.0,79.0233
CHL,Chile,2013,8281662.0,6.21000003814697,7767371.0,15180.0,6710.219273686822,17571511.0,79.3391
CHL,Chile,2014,8432818.0,6.65999984741211,7871192.0,14770.0,6546.410765174487,17758969.0,79.4726
CHL,Chile,2015,8542744.0,6.51000022888184,7986611.0,14130.0,6280.18129475536,17969356.0,79.746
CHL,Chile,2016,8652497.0,6.73999977111816,8069319.0,13340.0,5911.59810121021,18209072.0,80.0794
CHL,Chile,2017,8846878.0,6.96000003814697,8231135.0,13260.0,5909.165111704191,18470435.0,80.3501
CHL,Chile,2018,8993608.0,7.23000001907349,8343370.0,14580.0,6495.021433415668,18729166.0,80.1334
CHL,Chile,2019,9090403.0,7.28999996185303,8427713.0,14900.0,6625.827975729256,18952035.0,80.3263
CHL,Chile,2020,8537487.0,11.1800003051758,7582996.0,13120.0,5204.426647563855,19116209.0,79.3769
COL,Colombia,2000,18071395.0,20.5200004577637,14363145.0,2340.0,848.0895529430824,39629965.0,71.3201
COL,Colombia,2001,18485766.0,15.039999961853,15705507.0,2330.0,909.0289971004539,40255956.0,71.502
COL,Colombia,2002,18594245.0,14.4799995422363,15901798.0,2370.0,922.0043198148479,40875363.0,71.9389
COL,Colombia,2003,19221667.0,13.2200002670288,16680563.0,2370.0,952.9711766056939,41483872.0,72.3606
COL,Colombia,2004,19187151.0,12.7399997711182,16742708.0,2620.0,1042.5407348468138,42075953.0,72.6951
COL,Colombia,2005,19416752.0,11.0600004196167,17269259.0,3000.0,1214.78390022672,42647731.0,73.0814
COL,Colombia,2006,19720231.0,11.289999961853,17493817.0,3500.0,1417.2935768168354,43200901.0,73.468
COL,Colombia,2007,19577933.0,10.25,17571195.0,4120.0,1655.1769885767621,43737512.0,73.8372
COL,Colombia,2008,20142417.0,10.4899997711182,18029478.0,4710.0,1918.8542561952136,44254972.0,74.295
COL,Colombia,2009,21482206.0,11.289999961853,19056865.0,5140.0,2188.875260351641,44750054.0,74.7418
COL,Colombia,2010,22287035.0,10.9799995422363,19839919.0,5630.0,2469.9707545098095,45222699.0,75.0327
COL,Colombia,2011,22936897.0,10.1099996566772,20617977.0,6320.0,2853.6525548933796,45662747.0,75.3198
COL,Colombia,2012,23642905.0,9.73999977111816,21340086.0,7290.0,3376.381824605631,46075721.0,75.5973
COL,Colombia,2013,23895273.0,9.05000019073486,21732751.0,7960.0,3720.6337758507857,46495492.0,75.8267
COL,Colombia,2014,24346029.0,8.56999969482422,22259574.0,8210.0,3890.9948580413957,46967706.0,76.0427
COL,Colombia,2015,24918312.0,8.30000019073486,22850092.0,7330.0,3524.5964531600534,47520667.0,76.2573
COL,Colombia,2016,25273396.0,8.6899995803833,23077138.0,6460.0,3094.5129827374535,48175048.0,76.4713
COL,Colombia,2017,25756727.0,8.86999988555908,23472105.0,5940.0,2850.6388959245096,48909844.0,76.6456
COL,Colombia,2018,26125205.0,9.10999965667725,23745199.0,6270.0,2997.97083916218,49661056.0,76.7479
COL,Colombia,2019,26284990.0,9.96000003814697,23667005.0,6570.0,3088.8745203239537,50339443.0,76.7523
COL,Colombia,2020,24826218.0,15.039999961853,21092355.0,5830.0,2416.695359681263,50882884.0,74.7692
CRI,Costa Rica,2000,1605783.0,5.07999992370605,1524209.0,3570.0,1373.2759695020832,3962369.0,77.5857
CRI,Costa Rica,2001,1711510.0,5.92000007629395,1610189.0,3670.0,1464.8699131448755,4034074.0,77.5453
CRI,Costa Rica,2002,1747203.0,6.32999992370605,1636605.0,3770.0,1504.539918096467,4100922.0,77.9833
CRI,Costa Rica,2003,1804626.0,6.55999994277954,1686243.0,4030.0,1631.9579241666713,4164053.0,78.072
CRI,Costa Rica,2004,1814560.0,6.3899998664856,1698610.0,4380.0,1760.8608534217435,4225156.0,78.3305
CRI,Costa Rica,2005,1930209.0,6.57000017166138,1803394.0,4640.0,1952.5703767864877,4285504.0,78.5053
CRI,Costa Rica,2006,1965286.0,5.73999977111816,1852479.0,5060.0,2157.108307802627,4345421.0,78.5145
CRI,Costa Rica,2007,2037762.0,4.48999977111816,1946266.0,5680.0,2509.813745820871,4404626.0,78.4621
CRI,Costa Rica,2008,2067066.0,4.78000020980835,1968260.0,6410.0,2826.8426839233425,4463123.0,78.4451
CRI,Costa Rica,2009,2088453.0,7.71000003814697,1927433.0,6540.0,2788.3520415578073,4520739.0,78.6721
CRI,Costa Rica,2010,2051461.0,7.17000007629395,1904371.0,7260.0,3020.452888787035,4577371.0,78.6704
CRI,Costa Rica,2011,2077942.0,10.1400003433228,1867239.0,8090.0,3260.453941498172,4633086.0,79.3477
CRI,Costa Rica,2012,2245872.0,9.77999973297119,2026226.0,9280.0,4010.9567506676085,4688003.0,79.2827
CRI,Costa Rica,2013,2261015.0,8.77000045776367,2062724.0,9930.0,4319.3525668209795,4742111.0,79.4034
CRI,Costa Rica,2014,2308993.0,9.0600004196167,2099798.0,10350.0,4532.042086253673,4795390.0,78.7741
CRI,Costa Rica,2015,2295745.0,9.0,2089128.0,10700.0,4611.090916404434,4847805.0,79.0857
CRI,Costa Rica,2016,2212664.0,8.60000038146973,2022375.0,11100.0,4581.919366216157,4899336.0,79.4592
CRI,Costa Rica,2017,2259645.0,8.14000034332275,2075710.0,11500.0,4822.400405660253,4949955.0,79.3769
CRI,Costa Rica,2018,2369041.0,9.63000011444092,2140902.0,11970.0,5125.890412191919,4999443.0,79.4835
CRI,Costa Rica,2019,2482184.0,11.4899997711182,2196981.0,12120.0,5275.302214277351,5047561.0,79.4272
CRI,Costa Rica,2020,2368243.0,17.4099998474121,1955932.0,11580.0,4446.247681147301,5094114.0,79.277
CUB,Cuba,2000,4585373.0,5.44999980926514,4335470.0,2620.0,1020.8969585283609,11126423.0,76.1831
CUB,Cuba,2001,4626660.0,4.07999992370605,4437892.0,2760.0,1097.0835087377368,11164676.0,76.4208
CUB,Cuba,2002,4673864.0,3.30999994277954,4519159.0,2820.0,1137.8938136001223,11199664.0,76.6124
CUB,Cuba,2003,4734276.0,2.32999992370605,4623967.0,3100.0,1276.5216442689295,11229185.0,76.7729
CUB,Cuba,2004,4795837.0,1.85000002384186,4707114.0,3490.0,1460.2034706594957,11250369.0,76.9116
CUB,Cuba,2005,4864091.0,1.95000004768372,4769241.0,3960.0,1677.0456985366004,11261586.0,77.0469
CUB,Cuba,2006,4929715.0,1.9099999666214,4835557.0,4410.0,1893.646212704266,11261241.0,77.1788
CUB,Cuba,2007,4969380.0,1.78999996185303,4880428.0,4750.0,2060.420578685654,11251117.0,77.3072
CUB,Cuba,2008,4992279.0,1.58000004291534,4913401.0,5050.0,2208.1276366637817,11236975.0,77.4294
CUB,Cuba,2009,5118805.0,1.66999995708466,5033321.0,5110.0,2290.988902270665,11226711.0,77.5483
CUB,Cuba,2010,5078837.0,2.5,4951866.0,5200.0,2293.789975318535,11225833.0,77.661
CUB,Cuba,2011,5152741.0,3.1800000667572,4988884.0,5630.0,2499.6208325401713,11236671.0,77.7597
CUB,Cuba,2012,5185962.0,3.46000003814697,5006528.0,6110.0,2717.383115669454,11257112.0,77.8328
CUB,Cuba,2013,5219536.0,3.28999996185303,5047813.0,6640.0,2970.69078897805,11282722.0,77.8698
CUB,Cuba,2014,5246243.0,2.70000004768372,5104594.0,6840.0,3087.97240342166,11306909.0,77.8533
CUB,Cuba,2015,5282677.0,2.40000009536743,5155893.0,7230.0,3291.641538725222,11324777.0,77.772
CUB,Cuba,2016,5295539.0,2.0,5189628.0,7480.0,3424.618225075579,11335108.0,77.643
CUB,Cuba,2017,5314631.0,1.70000004768372,5224282.0,7950.0,3662.7663722175753,11339255.0,77.5286
CUB,Cuba,2018,5334777.0,1.70000004768372,5244086.0,8630.0,3991.522262987264,11338146.0,77.4962
CUB,Cuba,2019,5345330.0,1.73500001430511,5252589.0,8630.0,3999.6388639186325,11333484.0,77.6112
CUB,Cuba,2020,5099652.0,2.62400007247925,4965837.0,8630.0,3783.5813724063746,11326616.0,77.5673
DMA,Dominica,2000,29949.5,22.98,23067.0,4220.0,1397.5985642498206,69650.0,72.6932
DMA,Dominica,2001,30655.24,25.82,22740.0,4470.0,1458.9685809016664,69671.0,71.7132
DMA,Dominica,2002,31428.0,28.374,22511.0,4270.0,1376.3168671248568,69840.0,72.3395
DMA,Dominica,2003,32246.920000000002,30.841,22302.0,4680.0,1488.8784913411885,70102.0,71.4384
DMA,Dominica,2004,32378.02,29.095,22958.0,4950.0,1614.5325131061134,70387.0,72.401
DMA,Dominica,2005,33172.6,25.978,24555.0,5050.0,1756.9105979030887,70580.0,72.2543
DMA,Dominica,2006,33944.64,22.203,26408.0,5490.0,2050.1134081846208,70718.0,72.8479
DMA,Dominica,2007,34690.53,19.476,27934.0,5760.0,2272.6929107165556,70797.0,71.9301
DMA,Dominica,2008,35414.5,17.705,29144.0,6340.0,2608.7190275169773,70829.0,73.3054
DMA,Dominica,2009,36132.48,21.331,28425.0,6520.0,2615.896002710027,70848.0,72.1702
DMA,Dominica,2010,36147.270000000004,23.701,27580.0,6730.0,2618.810051215486,70877.0,71.5499
DMA,Dominica,2011,36874.24,26.045,27270.0,6920.0,2661.163131768953,70912.0,69.6948
DMA,Dominica,2012,38315.16,26.308,28235.0,6850.0,2725.8470276517182,70954.0,70.5383
DMA,Dominica,2013,39060.450000000004,30.591,27111.0,6700.0,2557.6775229164027,71019.0,68.8962
DMA,Dominica,2014,39100.05,29.414,27599.0,7040.0,2733.0739474757706,71091.0,69.4342
DMA,Dominica,2015,39858.00000000001,28.283,28585.0,6920.0,2779.1808921671936,71175.0,68.7266
DMA,Dominica,2016,39931.920000000006,26.936,29176.0,7270.0,2974.596042464274,71307.0,70.1284
DMA,Dominica,2017,40732.2,25.9,30183.0,7270.0,3070.674643157011,71460.0,67.5253
DMA,Dominica,2018,41543.079999999994,26.162,30675.0,7800.0,3340.4769217881776,71626.0,73.59
DMA,Dominica,2019,40930.56,20.93,32364.0,8210.0,3700.2623663101604,71808.0,73.5588
DMA,Dominica,2020,40314.96000000001,23.0,31043.0,7140.0,3078.815685293995,71991.0,73.649
DOM,Dominican Republic,2000,3226118.0,6.42999982833862,3018679.0,2680.0,954.9943320501405,8471317.0,69.4232
DOM,Dominican Republic,2001,3225600.0,7.26000022888184,2991421.0,2740.0,953.2359329700106,8598599.0,69.6416
DOM,Dominican Republic,2002,3308494.0,6.78000020980835,3084178.0,2890.0,1021.581774341104,8724974.0,69.923
DOM,Dominican Republic,2003,3319780.0,6.94000005722046,3089387.0,2640.0,921.5468417684926,8850317.0,70.2649
DOM,Dominican Republic,2004,3399243.0,6.30000019073486,3185091.0,2560.0,908.5613504301771,8974444.0,70.3305
DOM,Dominican Republic,2005,3453340.0,6.59000015258789,3225765.0,3040.0,1077.9425282024415,9097262.0,70.8752
DOM,Dominican Republic,2006,3564951.0,5.65000009536743,3363531.0,3640.0,1328.0916044280086,9218681.0,71.1654
DOM,Dominican Republic,2007,3630832.0,5.15999984741211,3443481.0,4430.0,1633.4571204438746,9338856.0,71.371
DOM,Dominican Republic,2008,3728146.0,4.76000022888184,3550686.0,4760.0,1786.9659748031286,9458079.0,71.6577
DOM,Dominican Republic,2009,3661622.0,5.46999979019165,3461331.0,4920.0,1778.2414091815833,9576736.0,71.871
DOM,Dominican Republic,2010,3815112.0,5.21000003814697,3616345.0,5330.0,1988.1264816092473,9695117.0,72.0933
DOM,Dominican Republic,2011,3983751.0,6.09000015258789,3741141.0,5540.0,2112.0410275160475,9813219.0,72.2212
DOM,Dominican Republic,2012,4141884.0,6.71999979019165,3863549.0,5790.0,2252.556431853819,9930916.0,72.5142
DOM,Dominican Republic,2013,4200334.0,7.34999990463257,3891609.0,6030.0,2335.377634818325,10048226.0,72.7127
DOM,Dominican Republic,2014,4287762.0,6.71999979019165,3999624.0,6330.0,2490.621409434676,10165182.0,72.8665
DOM,Dominican Republic,2015,4537662.0,7.6100001335144,4192346.0,6580.0,2682.9905321846877,10281675.0,72.9531
DOM,Dominican Republic,2016,4640591.0,7.28000020980835,4302756.0,6860.0,2838.7814888199723,10397738.0,72.9867
DOM,Dominican Republic,2017,4704626.0,5.82999992370605,4430346.0,7090.0,2987.807618506073,10513111.0,73.0629
DOM,Dominican Republic,2018,4880941.0,5.8600001335144,4594918.0,7780.0,3363.881391684899,10627147.0,73.2323
DOM,Dominican Republic,2019,5060916.0,6.3600001335144,4739042.0,8100.0,3574.4849523096145,10738957.0,73.5767
DOM,Dominican Republic,2020,4750336.0,6.13000011444092,4459140.0,7270.0,2988.4065898813265,10847904.0,72.8894
ECU,Ecuador,2000,5439835.0,4.80000019073486,5178723.0,1550.0,632.9897320607962,12681123.0,72.8394
ECU,Ecuador,2001,5547949.0,4.25,5312161.0,1550.0,637.5583677773941,12914660.0,73.2395
ECU,Ecuador,2002,5658731.0,4.89799976348877,5381566.0,1730.0,708.3451114299007,13143465.0,73.6134
ECU,Ecuador,2003,5771714.0,5.65999984741211,5445035.0,2110.0,859.3343721516703,13369678.0,73.9751
ECU,Ecuador,2004,6098242.0,5.0,5793330.0,2550.0,1086.537786868426,13596390.0,74.2788
ECU,Ecuador,2005,6192115.0,3.77999997138977,5958053.0,2880.0,1241.0959392771751,13825839.0,74.5144
ECU,Ecuador,2006,6429939.0,3.54999995231628,6201676.0,3100.0,1367.4285044880005,14059379.0,74.689
ECU,Ecuador,2007,6464362.0,3.14000010490417,6261381.0,3300.0,1445.282359651144,14296554.0,74.8445
ECU,Ecuador,2008,6589827.0,3.92000007629395,6331506.0,3850.0,1676.9905144148147,14535740.0,74.983
ECU,Ecuador,2009,6481412.0,4.6100001335144,6182619.0,4060.0,1698.9801787035585,14774412.0,75.1841
ECU,Ecuador,2010,6488680.0,4.09000015258789,6223293.0,4400.0,1824.147708158102,15011114.0,75.4301
ECU,Ecuador,2011,6533045.0,3.46000003814697,6307002.0,4880.0,2019.0502460494815,15243885.0,75.7425
ECU,Ecuador,2012,6743271.0,3.23000001907349,6525463.0,5390.0,2272.975348677813,15474099.0,76.0616
ECU,Ecuador,2013,6863959.0,3.07999992370605,6652549.0,5810.0,2460.6955994767586,15707473.0,76.3694
ECU,Ecuador,2014,7050017.0,3.48000001907349,6804676.0,6110.0,2606.3821609956776,15951832.0,76.6221
ECU,Ecuador,2015,7551558.0,3.61999988555908,7278192.0,5970.0,2680.159590210277,16212022.0,76.7893
ECU,Ecuador,2016,7955978.0,4.59999990463257,7590003.0,5800.0,2669.438344863986,16491116.0,76.7634
ECU,Ecuador,2017,8194875.0,3.83999991416931,7880192.0,5860.0,2751.0840473088565,16785356.0,76.9725
ECU,Ecuador,2018,8196417.0,3.52999997138977,7907083.0,6090.0,2818.609435097916,17084359.0,77.0938
ECU,Ecuador,2019,8312171.0,3.80999994277954,7995477.0,6090.0,2802.660080718757,17373657.0,77.2971
ECU,Ecuador,2020,7697701.0,6.1100001335144,7227371.0,5540.0,2269.4269214070573,17643060.0,72.1535
GRD,Grenada,2000,44219.909999999996,23.977,33617.0,4610.0,1506.9903828388615,102837.0,72.7829
GRD,Grenada,2001,45426.48,26.941,33188.0,4510.0,1449.7770287286182,103242.0,73.1181
GRD,Grenada,2002,46636.200000000004,29.605,32830.0,4650.0,1473.035431703269,103636.0,73.167
GRD,Grenada,2003,47841.380000000005,32.179,32447.0,5290.0,1650.3815274559388,104003.0,73.1875
GRD,Grenada,2004,47999.16,30.358,33428.0,5350.0,1713.9114101163436,104346.0,71.7876
GRD,Grenada,2005,49189.259999999995,27.105,35857.0,6650.0,2278.3642913107456,104658.0,73.5214
GRD,Grenada,2006,50370.24,23.167,38701.0,6430.0,2371.3757647372736,104938.0,73.7004
GRD,Grenada,2007,51539.67,20.322,41066.0,6830.0,2666.5980243955773,105183.0,74.3165
GRD,Grenada,2008,52728.5,18.475,42987.0,7260.0,2959.3637217064775,105457.0,74.6558
GRD,Grenada,2009,53951.37,22.259,41942.0,6720.0,2664.318299980149,105787.0,75.0363
GRD,Grenada,2010,54175.770000000004,24.732,40777.0,6940.0,2664.034379206793,106227.0,74.9988
GRD,Grenada,2011,55528.72,27.178,40437.0,7060.0,2673.4330342928847,106786.0,75.2947
GRD,Grenada,2012,58024.08,27.453,42095.0,7030.0,2754.0469232773703,107452.0,75.0416
GRD,Grenada,2013,59494.600000000006,31.922,40503.0,7350.0,2752.0712383981067,108172.0,75.1161
GRD,Grenada,2014,59895.00000000001,30.694,41511.0,7520.0,2866.507988980716,108900.0,74.985
GRD,Grenada,2015,61377.68000000001,29.513,43263.0,7750.0,3059.1156263970875,109603.0,75.0125
GRD,Grenada,2016,61747.280000000006,28.108,44391.0,8350.0,3361.6430715652577,110263.0,74.7622
GRD,Grenada,2017,63198.17999999999,27.027,46118.0,8740.0,3635.3998232227573,110874.0,74.7652
GRD,Grenada,2018,64640.42,27.3,46994.0,9610.0,4052.188355211801,111449.0,74.8076
GRD,Grenada,2019,63841.13999999999,21.84,49898.0,9750.0,4343.721540686774,112002.0,74.8632
GRD,Grenada,2020,63010.64000000001,24.0,47888.0,8910.0,3792.089158275491,112519.0,74.9238
GTM,Guatemala,2000,4108982.0,2.72499990463257,3997012.0,1670.0,575.9402665853075,11589761.0,67.4459
GTM,Guatemala,2001,4231471.0,2.78399991989136,4113667.0,1600.0,554.4228751643107,11871565.0,67.9464
GTM,Guatemala,2002,4352879.0,2.75099992752075,4233131.0,1600.0,557.5632487229078,12147518.0,68.3865
GTM,Guatemala,2003,4468311.0,2.80999994277954,4342751.0,1670.0,584.1481324626466,12415334.0,68.7969
GTM,Guatemala,2004,4590730.0,2.97000002861023,4454385.0,1850.0,649.7825322099449,12682108.0,69.1648
GTM,Guatemala,2005,4700495.0,3.05100011825562,4557083.0,2000.0,703.8894396264774,12948292.0,69.1675
GTM,Guatemala,2006,4815710.0,3.06100010871887,4668301.0,2150.0,759.600127295693,13213330.0,69.8124
GTM,Guatemala,2007,4939775.0,3.10899996757507,4786197.0,2370.0,841.6763806115256,13477017.0,70.1002
GTM,Guatemala,2008,5069950.0,3.30900001525879,4902185.0,2610.0,931.2485920861028,13739299.0,70.3556
GTM,Guatemala,2009,5201009.0,3.51200008392334,5018350.0,2650.0,949.8890729340102,14000190.0,70.6414
GTM,Guatemala,2010,5330048.0,3.5,5143496.0,2730.0,984.716149800483,14259687.0,70.8783
GTM,Guatemala,2011,5467480.0,3.08500003814697,5298808.0,2910.0,1061.8403988840007,14521515.0,71.1769
GTM,Guatemala,2012,5567956.0,2.75999999046326,5414280.0,3160.0,1157.4341720458651,14781942.0,71.463
GTM,Guatemala,2013,5664712.0,3.01999998092651,5493638.0,3380.0,1234.280769166087,15043981.0,71.728
GTM,Guatemala,2014,5868446.0,2.72000002861023,5708824.0,3550.0,1324.0498366817985,15306316.0,71.9638
GTM,Guatemala,2015,6015811.0,2.50999999046326,5864814.0,3700.0,1393.9248246610437,15567419.0,72.103
GTM,Guatemala,2016,6180399.0,2.57999992370605,6020945.0,3870.0,1472.170427270183,15827690.0,72.3547
GTM,Guatemala,2017,6367398.0,2.46000003814697,6210760.0,4100.0,1582.8591014418846,16087418.0,72.5506
GTM,Guatemala,2018,6537545.0,2.27999997138977,6388489.0,4400.0,1719.547169349634,16346950.0,72.7257
GTM,Guatemala,2019,6707594.0,2.19000005722046,6560698.0,4610.0,1821.5351975478718,16604026.0,73.1289
GTM,Guatemala,2020,6387537.0,3.55299997329712,6160588.0,4490.0,1640.7933168718403,16858333.0,71.7969
GUY,Guyana,2000,273422.0,11.8579998016357,241000.0,890.0,287.24364485655894,746718.0,64.4833
GUY,Guyana,2001,270615.0,11.8149995803833,238642.0,880.0,281.80792961946094,745206.0,64.7882
GUY,Guyana,2002,267679.0,11.8100004196167,236066.0,890.0,282.091625950437,744789.0,64.7275
GUY,Guyana,2003,266159.0,11.5539999008179,235407.0,940.0,296.9669942104995,745142.0,64.6003
GUY,Guyana,2004,265253.0,11.2670001983643,235367.0,1030.0,325.08513054870554,745737.0,64.9305
GUY,Guyana,2005,265124.0,11.0229997634888,235899.0,1090.0,344.6061011370276,746156.0,65.132
GUY,Guyana,2006,267573.0,10.6999998092651,238943.0,1470.0,470.6280825634601,746335.0,65.6666
GUY,Guyana,2007,270424.0,10.9569997787476,240794.0,2280.0,735.4685007039735,746477.0,66.2535
GUY,Guyana,2008,273612.0,11.2709999084473,242773.0,3850.0,1251.549647503063,746815.0,66.288
GUY,Guyana,2009,276891.0,11.5260000228882,244977.0,4190.0,1372.781757293525,747718.0,66.5625
GUY,Guyana,2010,280090.0,11.7980003356934,247045.0,4510.0,1486.6938206370176,749430.0,66.743
GUY,Guyana,2011,283273.0,12.0570001602173,249119.0,4820.0,1596.6852076183231,752029.0,66.9818
GUY,Guyana,2012,286495.0,12.335000038147,251156.0,5290.0,1758.851398221841,755388.0,67.2298
GUY,Guyana,2013,289655.0,12.6280002593994,253077.0,5540.0,1846.5450603926608,759281.0,67.4727
GUY,Guyana,2014,292698.0,12.923999786377,254870.0,5570.0,1859.68015552071,763371.0,67.8818
GUY,Guyana,2015,295579.0,13.2119998931885,256527.0,5470.0,1828.4367364968668,767433.0,68.2015
GUY,Guyana,2016,297957.0,13.46399974823,257840.0,5600.0,1871.886517761417,771363.0,68.384
GUY,Guyana,2017,300364.0,13.746000289917,259076.0,5910.0,1975.1078535328127,775218.0,68.6668
GUY,Guyana,2018,302647.0,14.0200004577637,260216.0,6290.0,2101.0833535513802,779007.0,68.8959
GUY,Guyana,2019,306151.0,13.9919996261597,263314.0,6630.0,2230.234511832902,782775.0,69.1239
GUY,Guyana,2020,293720.0,16.4309997558594,245459.0,8220.0,2565.1896170535206,786559.0,68.4858
HND,Honduras,2000,2420116.0,3.83899998664856,2327208.0,1020.0,361.0538519220444,6574510.0,68.6618
HND,Honduras,2001,2479124.0,4.0,2379959.0,1050.0,370.11100707473673,6751912.0,69.0061
HND,Honduras,2002,2541221.0,4.01999998092651,2439064.0,1070.0,376.63413460615675,6929267.0,69.3664
HND,Honduras,2003,2605133.0,5.30000019073486,2467061.0,1130.0,392.2955556621899,7106323.0,69.5071
HND,Honduras,2004,2669122.0,5.98999977111816,2509242.0,1210.0,416.8889762161036,7282953.0,69.7957
HND,Honduras,2005,2732602.0,4.90999984741211,2598431.0,1290.0,449.3878641884375,7458982.0,70.1041
HND,Honduras,2006,2740849.0,3.5699999332428,2643001.0,1360.0,470.83343779615535,7634295.0,70.2608
HND,Honduras,2007,2786673.0,3.21000003814697,2697221.0,1490.0,514.6761857560716,7808520.0,70.3765
HND,Honduras,2008,2905042.0,3.16000008583069,2813243.0,1630.0,574.5660876423937,7980955.0,70.4414
HND,Honduras,2009,3059061.0,3.28999996185303,2958418.0,1670.0,606.1454314801773,8150780.0,70.9113
HND,Honduras,2010,3214166.0,4.11999988555908,3081742.0,1740.0,644.695203479617,8317467.0,71.0884
HND,Honduras,2011,3197958.0,4.46999979019165,3055009.0,1880.0,677.236223081431,8480670.0,71.4386
HND,Honduras,2012,3225010.0,3.75,3104072.0,1970.0,707.7004758415183,8640692.0,71.7344
HND,Honduras,2013,3568374.0,5.65000009536743,3366761.0,2010.0,769.1278230303174,8798524.0,71.9629
HND,Honduras,2014,3764382.0,7.07999992370605,3497864.0,2010.0,785.06444306951,8955579.0,72.2594
HND,Honduras,2015,3870926.0,6.15000009536743,3632864.0,2060.0,821.2200896662579,9112904.0,72.4871
HND,Honduras,2016,3933053.0,6.73000001907349,3668359.0,2120.0,838.8624620501761,9270794.0,72.5878
HND,Honduras,2017,4105648.0,5.53000020980835,3878606.0,2250.0,925.5327915447381,9429016.0,72.6918
HND,Honduras,2018,4351344.0,5.65000009536743,4105493.0,2330.0,997.7341060876724,9587523.0,72.8141
HND,Honduras,2019,4238924.0,5.69999980926514,3997305.0,2390.0,980.2427890497906,9746115.0,72.8811
HND,Honduras,2020,4089919.0,8.3730001449585,3747470.0,2190.0,828.6001121902048,9904608.0,71.4619
HTI,Haiti,2000,3174536.0,8.4040002822876,2907748.0,550.0,188.95307333512764,8463802.0,58.3652
HTI,Haiti,2001,3263801.0,9.63300037384033,2949399.0,640.0,219.26553844259544,8608810.0,58.4886
HTI,Haiti,2002,3353716.0,10.826000213623,2990643.0,720.0,245.9705913128268,8754148.0,58.8545
HTI,Haiti,2003,3444170.0,11.9969997406006,3030973.0,660.0,224.76605677144593,8900108.0,59.5065
HTI,Haiti,2004,3535796.0,13.3240003585815,3064687.0,650.0,220.18663586778587,9047082.0,58.4755
HTI,Haiti,2005,3629068.0,14.4160003662109,3105902.0,690.0,233.0619929400805,9195289.0,60.4153
HTI,Haiti,2006,3732148.0,15.6909999847412,3146537.0,790.0,266.00553099996745,9344784.0,60.7632
HTI,Haiti,2007,3836867.0,16.7999992370605,3192273.0,900.0,302.57441126885874,9495336.0,61.103
HTI,Haiti,2008,3943169.0,16.3360004425049,3299013.0,1010.0,345.408070433325,9646570.0,61.3322
HTI,Haiti,2009,4051158.0,15.6569995880127,3416868.0,1160.0,404.5262575823792,9798046.0,61.7409
HTI,Haiti,2010,4160937.0,15.378999710083,3521027.0,1130.0,399.90283856642236,9949318.0,46.0185
HTI,Haiti,2011,4257833.0,14.5279998779297,3639255.0,1240.0,446.78546818318625,10100320.0,61.6227
HTI,Haiti,2012,4349886.0,14.1000003814697,3736552.0,1300.0,473.8615316749069,10250922.0,62.2915
HTI,Haiti,2013,4446085.0,13.996000289917,3823811.0,1390.0,511.0340264552137,10400672.0,62.6047
HTI,Haiti,2014,4539509.0,13.951000213623,3906202.0,1430.0,529.5160824142026,10549007.0,62.9875
HTI,Haiti,2015,4629513.0,13.9619998931885,3983140.0,1410.0,525.0999388530172,10695540.0,63.2372
HTI,Haiti,2016,4718848.0,13.9250001907349,4061748.0,1360.0,509.59312825046845,10839976.0,63.3922
HTI,Haiti,2017,4807860.0,13.8769998550415,4140673.0,1340.0,505.2191226171917,10982367.0,63.8538
HTI,Haiti,2018,4898140.0,13.8599996566772,4219258.0,1410.0,534.8427495978444,11123183.0,64.0188
HTI,Haiti,2019,4982122.0,13.914999961853,4288860.0,1390.0,529.2971309177535,11263079.0,64.2546
HTI,Haiti,2020,4955980.0,15.451000213623,4190232.0,1320.0,485.0769771944532,11402533.0,64.0518
JAM,Jamaica,2000,1147457.0,15.539999961853,969142.0,3240.0,1182.8163052821828,2654698.0,70.9442
JAM,Jamaica,2001,1147029.0,14.9300003051758,975778.0,3240.0,1182.0068149546155,2674706.0,70.758
JAM,Jamaica,2002,1151831.0,14.1899995803833,988386.0,3260.0,1196.5563384125996,2692843.0,70.8882
JAM,Jamaica,2003,1156455.0,11.7299995422363,1020803.0,3440.0,1296.0482284518043,2709438.0,70.8062
JAM,Jamaica,2004,1215721.0,12.210000038147,1067281.0,3650.0,1429.5601275148008,2725017.0,70.8603
JAM,Jamaica,2005,1235639.0,11.2600002288818,1096506.0,3800.0,1520.7017518248176,2740000.0,71.0438
JAM,Jamaica,2006,1258437.0,10.3199996948242,1128566.0,4080.0,1671.6983285737003,2754414.0,71.1993
JAM,Jamaica,2007,1280842.0,9.75,1155960.0,4320.0,1803.950178977245,2768229.0,71.4179
JAM,Jamaica,2008,1301710.0,10.5900001525879,1163859.0,4560.0,1907.7810781169062,2781869.0,71.6122
JAM,Jamaica,2009,1284589.0,11.3599996566772,1138660.0,4330.0,1763.477009942275,2795839.0,72.1238
JAM,Jamaica,2010,1279158.0,12.3699998855591,1120926.0,4390.0,1750.9084407414575,2810464.0,72.6219
JAM,Jamaica,2011,1294591.0,12.6999998092651,1130178.0,4590.0,1835.6835974821759,2825932.0,73.0942
JAM,Jamaica,2012,1302749.0,13.9300003051758,1121276.0,4980.0,1964.7090067723902,2842128.0,73.4335
JAM,Jamaica,2013,1343203.0,15.25,1138365.0,5010.0,1995.0287542283058,2858710.0,73.4119
JAM,Jamaica,2014,1354704.0,13.7399997711182,1168568.0,4910.0,1995.6158193505214,2875137.0,72.982
JAM,Jamaica,2015,1376583.0,13.5100002288818,1190607.0,4700.0,1935.5954499167078,2891024.0,72.394
JAM,Jamaica,2016,1424883.0,13.1899995803833,1236941.0,4600.0,1957.8302839199214,2906242.0,72.0198
JAM,Jamaica,2017,1444404.0,11.6300001144409,1276420.0,4750.0,2075.765325686239,2920848.0,71.9114
JAM,Jamaica,2018,1433102.0,9.10000038146973,1302690.0,5010.0,2223.7832354806187,2934853.0,71.793
JAM,Jamaica,2019,1457091.0,7.69000005722046,1345041.0,5250.0,2395.115943990337,2948277.0,71.767
JAM,Jamaica,2020,1396688.0,9.47999954223633,1264282.0,4670.0,1993.8790697297445,2961161.0,71.8686
KNA,St. Kitts and Nevis,2000,18955.69,4.494,18104.0,9120.0,3745.4002676768823,44083.0,69.7815
KNA,St. Kitts and Nevis,2001,19624.88,5.05,18634.0,9440.0,3943.8805434733868,44602.0,70.1995
KNA,St. Kitts and Nevis,2002,20325.600000000002,5.549,19198.0,9370.0,3982.5819164009918,45168.0,70.4518
KNA,St. Kitts and Nevis,2003,21044.54,6.032,19775.0,9270.0,4006.956436206256,45749.0,70.7676
KNA,St. Kitts and Nevis,2004,21308.58,5.691,20096.0,10390.0,4507.424821363038,46323.0,71.303
KNA,St. Kitts and Nevis,2005,22020.44,5.081,20902.0,11640.0,5192.932638948178,46852.0,71.3616
KNA,St. Kitts and Nevis,2006,22719.84,4.343,21733.0,12440.0,5711.839942534806,47333.0,71.2885
KNA,St. Kitts and Nevis,2007,23406.81,3.81,22515.0,13050.0,6150.866670853482,47769.0,71.3668
KNA,St. Kitts and Nevis,2008,24089.0,3.464,23255.0,15520.0,7491.336294574287,48178.0,71.3738
KNA,St. Kitts and Nevis,2009,24785.49,4.174,23751.0,15290.0,7472.43338340295,48599.0,71.3927
KNA,St. Kitts and Nevis,2010,24995.61,4.638,23836.0,15270.0,7426.4087653792,49011.0,71.2705
KNA,St. Kitts and Nevis,2011,25709.84,5.097,24399.0,15900.0,7846.4483637393305,49442.0,71.5378
KNA,St. Kitts and Nevis,2012,26935.74,5.148,25549.0,16070.0,8231.038471562319,49881.0,71.669
KNA,St. Kitts and Nevis,2013,27680.4,5.986,26023.0,17300.0,8945.276982991576,50328.0,71.457
KNA,St. Kitts and Nevis,2014,27926.800000000003,5.756,26319.0,17340.0,8987.936426658263,50776.0,70.9659
KNA,St. Kitts and Nevis,2015,28674.24,5.535,27087.0,17160.0,9077.668150925709,51204.0,70.763
KNA,St. Kitts and Nevis,2016,28912.24,5.271,27388.0,17900.0,9495.53932867187,51629.0,71.7405
KNA,St. Kitts and Nevis,2017,29660.519999999997,5.068,28157.0,18530.0,10026.697094319317,52036.0,71.8399
KNA,St. Kitts and Nevis,2018,30414.039999999997,5.119,28857.0,19780.0,10885.073038636103,52438.0,71.4671
KNA,St. Kitts and Nevis,2019,30115.379999999997,4.095,28882.0,21150.0,11561.765151228376,52834.0,71.5717
KNA,St. Kitts and Nevis,2020,29787.520000000004,4.5,28447.0,18440.0,9861.683711836366,53192.0,71.6266
LCA,St. Lucia,2000,67967.0,16.4899997711182,56759.0,5250.0,1901.1768121120092,156737.0,70.7678
LCA,St. Lucia,2001,69494.0,18.5249996185303,56620.0,4990.0,1786.1085824103575,158184.0,71.1345
LCA,St. Lucia,2002,71245.0,20.3899993896484,56718.0,5010.0,1782.756851033929,159392.0,71.472
LCA,St. Lucia,2003,73067.0,22.1800003051758,56861.0,5370.0,1902.0966174546813,160530.0,71.7707
LCA,St. Lucia,2004,75016.0,20.9699993133545,59285.0,6000.0,2198.169582439856,161821.0,72.0276
LCA,St. Lucia,2005,77120.0,18.7000007629395,62699.0,6230.0,2390.4262337217274,163408.0,72.2445
LCA,St. Lucia,2006,79515.0,16.0,66793.0,7260.0,2932.1746544280377,165378.0,72.4654
LCA,St. Lucia,2007,81991.0,14.0,70512.0,7500.0,3154.5417670778556,167644.0,72.5985
LCA,St. Lucia,2008,84515.0,12.7200002670288,73765.0,8090.0,3510.1190511202217,170011.0,72.6977
LCA,St. Lucia,2009,86977.0,15.3699998855591,73609.0,8020.0,3427.789435789645,172223.0,72.7222
LCA,St. Lucia,2010,89273.0,17.1079998016357,74000.0,8170.0,3472.7615283872897,174092.0,72.7196
LCA,St. Lucia,2011,91341.0,18.8600006103516,74114.0,8820.0,3723.8972758035297,175538.0,72.944
LCA,St. Lucia,2012,95508.0,19.0599994659424,77304.0,8850.0,3872.770500526453,176654.0,72.8821
LCA,St. Lucia,2013,97118.0,22.2099990844727,75548.0,8790.0,3741.116700938002,177505.0,72.7353
LCA,St. Lucia,2014,98715.0,21.2959995269775,77693.0,8840.0,3851.818044159792,178307.0,72.8638
LCA,St. Lucia,2015,100273.0,20.5620002746582,79655.0,8740.0,3886.455722348449,179131.0,73.1381
LCA,St. Lucia,2016,101697.0,19.6490001678467,81715.0,9430.0,4280.292232319417,180028.0,73.1116
LCA,St. Lucia,2017,103128.0,18.8600006103516,83678.0,10060.0,4651.989058053107,180955.0,73.1275
LCA,St. Lucia,2018,104621.0,19.0799999237061,84659.0,10720.0,4989.523778107648,181890.0,73.3569
LCA,St. Lucia,2019,103907.0,15.3199996948242,87988.0,10840.0,5217.811865751251,182795.0,73.4449
LCA,St. Lucia,2020,102251.0,16.8920001983643,84979.0,8910.0,4123.329593909459,183629.0,73.416
MEX,Mexico,2000,38540145.0,2.65000009536743,37518831.0,6210.0,2355.837266580145,98899845.0,73.5692
MEX,Mexico,2001,38812077.0,2.63000011444092,37791319.0,6740.0,2539.56314229997,100298152.0,73.8668
MEX,Mexico,2002,39371985.0,3.0,38190825.0,7100.0,2666.6222827640136,101684764.0,74.1059
MEX,Mexico,2003,40417811.0,3.46000003814697,39019355.0,7360.0,2785.9876900713634,103081020.0,74.2743
MEX,Mexico,2004,41651820.0,3.94000005722046,40010738.0,7820.0,2993.6771634951233,104514934.0,74.372
MEX,Mexico,2005,42869547.0,3.55999994277954,41343391.0,8050.0,3139.6035353888633,106005199.0,74.3765
MEX,Mexico,2006,44352857.0,3.5699999332428,42769460.0,8690.0,3455.4301953172157,107560155.0,74.3313
MEX,Mexico,2007,45304973.0,3.63000011444092,43660402.0,9250.0,3699.339174978428,109170503.0,74.2384
MEX,Mexico,2008,46199021.0,3.86999988555908,44411119.0,9780.0,3919.502573796868,110815272.0,74.1524
MEX,Mexico,2009,47176107.0,5.3600001335144,44647468.0,8820.0,3501.485514736704,112463886.0,74.119
MEX,Mexico,2010,47982609.0,5.30000019073486,45439531.0,9040.0,3600.3392026962997,114092961.0,74.1901
MEX,Mexico,2011,49035908.0,5.17000007629395,46500752.0,9310.0,3741.909761927753,115695468.0,74.3651
MEX,Mexico,2012,50512846.0,4.8899998664856,48042768.0,10050.0,4117.103331786076,117274156.0,74.574
MEX,Mexico,2013,51318641.0,4.90999984741211,48798896.0,10270.0,4217.593607010276,118827158.0,74.7391
MEX,Mexico,2014,51780845.0,4.80999994277954,49290186.0,10500.0,4300.165044056242,120355137.0,74.7974
MEX,Mexico,2015,52732562.0,4.30999994277954,50459789.0,10160.0,4207.113199417247,121858251.0,74.6822
MEX,Mexico,2016,53507498.0,3.85999989509583,51442109.0,9390.0,3916.5504701691502,123333379.0,74.4122
MEX,Mexico,2017,54096291.0,3.42000007629395,52246198.0,8920.0,3734.942085231094,124777326.0,74.1378
MEX,Mexico,2018,55190039.0,3.27999997138977,53379806.0,9180.0,3883.220400995692,126190782.0,74.0146
MEX,Mexico,2019,56596004.0,3.48000001907349,54626463.0,9470.0,4054.95167188372,127575529.0,74.2021
MEX,Mexico,2020,53080123.0,4.44999980926514,50718058.0,8530.0,3355.431608134513,128932753.0,70.1328
NIC,Nicaragua,2000,1840993.0,7.35400009155273,1705606.0,960.0,322.99894068423515,5069310.0,67.2335
NIC,Nicaragua,2001,1903800.0,7.44999980926514,1761967.0,970.0,332.16444813363165,5145367.0,67.2145
NIC,Nicaragua,2002,1964988.0,7.57800006866455,1816081.0,960.0,334.0351662399192,5219324.0,67.1799
NIC,Nicaragua,2003,2025292.0,7.59999990463257,1871370.0,1000.0,353.6147646073451,5292115.0,67.2174
NIC,Nicaragua,2004,2085984.0,6.40999984741211,1952272.0,1080.0,393.00676057283135,5364930.0,67.4233
NIC,Nicaragua,2005,2147779.0,5.36999988555908,2032443.0,1160.0,433.49281040367794,5438692.0,67.9359
NIC,Nicaragua,2006,2211845.0,5.30999994277954,2094396.0,1200.0,455.8189996403541,5513757.0,68.7246
NIC,Nicaragua,2007,2276727.0,4.8899998664856,2165395.0,1290.0,499.7006385971114,5590066.0,69.5595
NIC,Nicaragua,2008,2342011.0,6.19999980926514,2196806.0,1390.0,538.7904406860528,5667436.0,70.5863
NIC,Nicaragua,2009,2406911.0,8.15999984741211,2210507.0,1380.0,530.9336845392024,5745538.0,71.4328
NIC,Nicaragua,2010,2471038.0,7.82999992370605,2277556.0,1460.0,570.9475695468692,5824058.0,72.009
NIC,Nicaragua,2011,2535983.0,6.49599981307983,2371246.0,1570.0,630.6681596839592,5903035.0,72.4162
NIC,Nicaragua,2012,2600564.0,5.21000003814697,2465075.0,1670.0,688.1161063964577,5982530.0,72.6148
NIC,Nicaragua,2013,2664781.0,5.28000020980835,2524081.0,1740.0,724.4418092847427,6062462.0,72.7044
NIC,Nicaragua,2014,2728779.0,4.51999998092651,2605438.0,1830.0,776.193717650805,6142734.0,72.8121
NIC,Nicaragua,2015,2784174.0,4.69999980926514,2653318.0,1890.0,805.8143113371601,6223234.0,72.983
NIC,Nicaragua,2016,2840877.0,3.90000009536743,2730083.0,1960.0,848.8242615367776,6303970.0,73.2562
NIC,Nicaragua,2017,2897643.0,3.29999995231628,2802021.0,2030.0,890.8758805815586,6384843.0,73.5536
NIC,Nicaragua,2018,2939781.0,5.19999980926514,2786912.0,1970.0,849.1555087292526,6465502.0,73.8497
NIC,Nicaragua,2019,2981808.0,5.21099996566772,2826426.0,1890.0,816.1244659119399,6545503.0,74.0543
NIC,Nicaragua,2020,2948386.0,6.07800006866455,2769183.0,1770.0,739.8919097044118,6624554.0,71.7954
PAN,Panama,2000,1272092.0,3.81399989128113,1223574.0,3880.0,1566.6486554447977,3030333.0,74.0015
PAN,Panama,2001,1312304.0,3.81699991226196,1262213.0,3830.0,1564.6723324813465,3089641.0,74.4144
PAN,Panama,2002,1354097.0,3.78500008583069,1302844.0,3940.0,1630.0055601510862,3149195.0,74.8238
PAN,Panama,2003,1388887.0,3.79099988937378,1336234.0,4040.0,1682.2347007967453,3209056.0,75.2175
PAN,Panama,2004,1429580.0,3.73900008201599,1376128.0,4460.0,1877.2904755554305,3269356.0,75.5444
PAN,Panama,2005,1465868.0,3.75300002098084,1410854.0,4790.0,2029.2913385353888,3330222.0,75.8285
PAN,Panama,2006,1476460.0,3.70000004768372,1421831.0,5100.0,2137.9826710888697,3391673.0,76.0123
PAN,Panama,2007,1505542.0,3.68499994277954,1450063.0,5770.0,2422.6000421001304,3453671.0,76.154
PAN,Panama,2008,1575326.0,3.74300003051758,1516362.0,6540.0,2820.373186538665,3516204.0,76.2247
PAN,Panama,2009,1621058.0,3.85199999809265,1558615.0,6900.0,3004.693347563642,3579215.0,76.3429
PAN,Panama,2010,1592299.0,3.72000002861023,1533065.0,7260.0,3055.4477170860773,3642691.0,76.4479
PAN,Panama,2011,1593844.0,2.37899994850159,1555926.0,8550.0,3589.1657014649213,3706479.0,76.6269
PAN,Panama,2012,1675626.0,2.38899993896484,1635595.0,9540.0,4138.182640324508,3770635.0,76.8185
PAN,Panama,2013,1728666.0,2.28500008583069,1689166.0,10630.0,4681.549394373068,3835447.0,77.0378
PAN,Panama,2014,1756843.0,2.70700001716614,1709285.0,11190.0,4902.68505894557,3901311.0,77.2478
PAN,Panama,2015,1797766.0,2.97699999809265,1744247.0,12200.0,5362.194033498888,3968490.0,77.4684
PAN,Panama,2016,1839592.0,3.26300001144409,1779566.0,12780.0,5633.500677347177,4037073.0,77.6529
PAN,Panama,2017,1864998.0,3.85899996757507,1793028.0,13750.0,6003.299678286846,4106764.0,77.7954
PAN,Panama,2018,1948244.0,3.83299994468689,1873568.0,14490.0,6499.606959089921,4176868.0,77.8629
PAN,Panama,2019,2037201.0,4.72599983215332,1940923.0,14920.0,6819.493778317838,4246440.0,77.8103
PAN,Panama,2020,1836789.0,12.8540000915527,1600688.0,12420.0,4607.558265009845,4314768.0,76.657
PER,Peru,2000,11411047.0,4.88399982452393,10853731.0,1970.0,808.0837234576157,26459944.0,70.424
PER,Peru,2001,12183757.0,5.02600002288818,11571401.0,1900.0,820.3822832762467,26799289.0,71.0409
PER,Peru,2002,12735233.0,4.84000015258789,12118848.0,1960.0,876.4611502380505,27100964.0,71.6608
PER,Peru,2003,13270136.0,4.15000009536743,12719425.0,2080.0,966.5422424497073,27372217.0,72.2166
PER,Peru,2004,13792037.0,4.69999980926514,13143811.0,2280.0,1084.840859613587,27624226.0,72.668
PER,Peru,2005,14304497.0,4.88000011444092,13606438.0,2540.0,1240.2274775049577,27866140.0,72.9858
PER,Peru,2006,14791043.0,4.17999982833862,14172777.0,2810.0,1417.1740596906525,28102055.0,73.1721
PER,Peru,2007,15335516.0,4.03999996185303,14715961.0,3210.0,1667.2484893084224,28333050.0,73.2227
PER,Peru,2008,15563963.0,4.03999996185303,14935179.0,3790.0,1981.783217477319,28562321.0,73.3772
PER,Peru,2009,15822843.0,3.98000001907349,15193094.0,3970.0,2094.8594848625153,28792663.0,73.4661
PER,Peru,2010,16182680.0,3.57999992370605,15603340.0,4410.0,2370.5211508463644,29027680.0,73.7106
PER,Peru,2011,16311051.0,3.48000001907349,15743426.0,4970.0,2673.728392198088,29264314.0,74.1327
PER,Peru,2012,16382486.0,3.24000000953674,15851693.0,5790.0,3110.514646628793,29506790.0,74.544
PER,Peru,2013,16511392.0,3.5699999332428,15921935.0,6420.0,3433.1588219326763,29773986.0,74.9668
PER,Peru,2014,16606063.0,3.21000003814697,16073008.0,6530.0,3488.050670825871,30090372.0,75.3334
PER,Peru,2015,16632754.0,3.26999998092651,16088863.0,6340.0,3347.585085481517,30470739.0,75.6206
PER,Peru,2016,17321378.0,3.74000000953674,16673558.0,6110.0,3294.16415928637,30926036.0,75.789
PER,Peru,2017,17829194.0,3.69000005722046,17171297.0,6060.0,3309.282226962668,31444299.0,75.879
PER,Peru,2018,18321791.0,3.49000000953674,17682360.0,6480.0,3581.8795086414148,31989265.0,76.0089
PER,Peru,2019,18798564.0,3.38000011444092,18163173.0,6840.0,3821.419188690705,32510462.0,76.1559
PER,Peru,2020,16201831.0,7.17999982833862,15038540.0,6060.0,2763.9808944879824,32971846.0,73.6655
PRY,Paraguay,2000,2267114.0,7.6100001335144,2094587.0,1440.0,566.6148457263129,5323202.0,69.7502
PRY,Paraguay,2001,2321411.0,6.21000003814697,2177251.0,1410.0,565.5257825357626,5428442.0,69.8997
PRY,Paraguay,2002,2381593.0,9.39000034332275,2157961.0,1330.0,518.8195806981904,5531958.0,70.025
PRY,Paraguay,2003,2409021.0,6.80999994277954,2244967.0,1230.0,490.20375349969987,5632983.0,70.297
PRY,Paraguay,2004,2613521.0,6.51000022888184,2443381.0,1350.0,575.6098273884768,5730556.0,70.4809
PRY,Paraguay,2005,2640252.0,4.82000017166138,2512992.0,1520.0,655.852598558231,5824095.0,70.5269
PRY,Paraguay,2006,2581243.0,5.28000020980835,2444953.0,1840.0,760.7901627744786,5913212.0,70.7809
PRY,Paraguay,2007,2708509.0,4.71000003814697,2580938.0,2320.0,998.2238952525911,5998430.0,71.1061
PRY,Paraguay,2008,2784409.0,4.42000007629395,2661338.0,3070.0,1343.5142213107206,6081296.0,71.3838
PRY,Paraguay,2009,2855709.0,5.46000003814697,2699787.0,3440.0,1506.7022195111267,6163970.0,71.6345
PRY,Paraguay,2010,2838446.0,4.57000017166138,2708729.0,4050.0,1755.8134764998238,6248017.0,71.8872
PRY,Paraguay,2011,2905483.0,4.67000007629395,2769797.0,4440.0,1941.574924206435,6333981.0,72.1314
PRY,Paraguay,2012,3115953.0,4.09000015258789,2988511.0,4750.0,2210.6057998819592,6421510.0,72.4536
PRY,Paraguay,2013,3121891.0,4.38000011444092,2985152.0,5500.0,2521.9120611378357,6510273.0,72.7568
PRY,Paraguay,2014,3100934.0,5.03000020980835,2944957.0,5800.0,2588.1791777710027,6599524.0,72.8777
PRY,Paraguay,2015,3160806.0,4.55999994277954,3016673.0,5640.0,2543.6809410912,6688746.0,73.1905
PRY,Paraguay,2016,3318539.0,5.25,3144316.0,5420.0,2514.384696803336,6777878.0,73.5336
PRY,Paraguay,2017,3388724.0,4.6100001335144,3232504.0,5370.0,2527.7996021003464,6867058.0,73.6436
PRY,Paraguay,2018,3527500.0,6.21999979019165,3308090.0,5600.0,2663.185773459119,6956069.0,73.5676
PRY,Paraguay,2019,3611581.0,6.59000015258789,3373578.0,5510.0,2638.661083981734,7044639.0,73.6207
PRY,Paraguay,2020,3556271.0,7.55000019073486,3287773.0,5150.0,2373.9165415357525,7132530.0,73.1816
SLV,El Salvador,2000,2205229.0,6.96000003814697,2051745.0,1900.0,662.0859113474514,5887930.0,69.8647
SLV,El Salvador,2001,2210126.0,6.96000003814697,2056301.0,1950.0,676.5288128009427,5927001.0,69.5982
SLV,El Salvador,2002,2213925.0,5.73000001907349,2087067.0,2000.0,700.1067905327266,5962139.0,70.2324
SLV,El Salvador,2003,2323550.0,6.26000022888184,2178096.0,2130.0,773.9883935386193,5994075.0,70.1401
SLV,El Salvador,2004,2285105.0,6.05000019073486,2146856.0,2270.0,809.0179473060282,6023801.0,70.3402
SLV,El Salvador,2005,2330116.0,7.21999979019165,2161882.0,2420.0,864.4493139929057,6052124.0,70.4403
SLV,El Salvador,2006,2383698.0,6.57000017166138,2227089.0,2570.0,941.4783428285216,6079395.0,70.7732
SLV,El Salvador,2007,2430226.0,6.40999984741211,2274449.0,2680.0,998.315263658712,6105810.0,71.1081
SLV,El Salvador,2008,2457930.0,5.88000011444092,2313404.0,2870.0,1082.7987234348598,6131767.0,71.4236
SLV,El Salvador,2009,2486427.0,7.32999992370605,2304172.0,2820.0,1055.2297538130445,6157678.0,71.5756
SLV,El Salvador,2010,2516443.0,4.8899998664856,2393389.0,2880.0,1114.666465713985,6183877.0,71.8478
SLV,El Salvador,2011,2550005.0,4.30000019073486,2440355.0,3060.0,1202.383985230334,6210567.0,71.8589
SLV,El Salvador,2012,2607181.0,3.83999991416931,2507065.0,3210.0,1290.1217184184093,6237922.0,71.8313
SLV,El Salvador,2013,2665750.0,3.69000005722046,2567384.0,3350.0,1372.5873098251602,6266076.0,71.7711
SLV,El Salvador,2014,2648113.0,4.15000009536743,2538216.0,3400.0,1370.89188394065,6295124.0,71.7464
SLV,El Salvador,2015,2638742.0,4.0,2533192.0,3440.0,1377.7096880834374,6325121.0,71.8143
SLV,El Salvador,2016,2696801.0,4.42000007629395,2577602.0,3510.0,1423.4090643420682,6356137.0,72.0248
SLV,El Salvador,2017,2710376.0,4.3899998664856,2591390.0,3600.0,1460.3667680840258,6388124.0,72.3108
SLV,El Salvador,2018,2716898.0,4.01000022888184,2607950.0,3820.0,1551.5920283331827,6420740.0,72.5546
SLV,El Salvador,2019,2786916.0,4.17000007629395,2670702.0,3980.0,1647.0615335745442,6453550.0,72.5586
SLV,El Salvador,2020,2640908.0,6.2480001449585,2475904.0,3630.0,1385.6387614259872,6486201.0,71.0609
SUR,Suriname,2000,149483.0,12.7379999160767,130442.0,1970.0,545.6503108649861,470944.0,65.5077
SUR,Suriname,2001,153683.0,11.9119997024536,135376.0,1670.0,474.3815650874785,476574.0,65.4821
SUR,Suriname,2002,157974.0,11.1529998779297,140355.0,1930.0,561.736668132087,482228.0,65.5313
SUR,Suriname,2003,162351.0,10.3070001602173,145617.0,2200.0,656.5534965507912,487938.0,65.5963
SUR,Suriname,2004,166818.0,9.48999977111816,150987.0,2820.0,862.4682790471561,493680.0,66.4163
SUR,Suriname,2005,171417.0,9.38300037384033,155333.0,3320.0,1032.5241810671905,499461.0,67.0025
SUR,Suriname,2006,176258.0,9.19200038909912,160056.0,4040.0,1279.7080499988126,505292.0,67.5713
SUR,Suriname,2007,181303.0,9.0319995880127,164928.0,5050.0,1629.3375536258195,511181.0,68.204
SUR,Suriname,2008,186511.0,8.875,169958.0,6330.0,2080.4261663591956,517122.0,68.8162
SUR,Suriname,2009,191808.0,8.72000026702881,175082.0,6960.0,2329.459829902908,523113.0,69.5048
SUR,Suriname,2010,197128.0,7.15000009536743,183033.0,7620.0,2635.877768244237,529126.0,69.8945
SUR,Suriname,2011,202488.0,7.53999996185303,187220.0,7920.0,2770.6392464549112,535177.0,69.9141
SUR,Suriname,2012,207824.0,8.10000038146973,190990.0,8550.0,3017.0412029997397,541247.0,69.7644
SUR,Suriname,2013,213155.0,6.59999990463257,199087.0,8950.0,3255.70058195306,547295.0,69.6816
SUR,Suriname,2014,218527.0,6.94000005722046,203361.0,9260.0,3403.5744417815276,553278.0,69.7824
SUR,Suriname,2015,223954.0,7.21999979019165,207785.0,8890.0,3303.683987437761,559136.0,70.8003
SUR,Suriname,2016,229219.0,7.92000007629395,211065.0,6940.0,2593.087595130319,564883.0,71.5924
SUR,Suriname,2017,232429.0,7.90399980545044,214058.0,5940.0,2228.7507296218587,570501.0,72.417
SUR,Suriname,2018,235808.0,7.92600011825562,217118.0,5970.0,2250.3883941825075,575987.0,72.5532
SUR,Suriname,2019,238539.0,8.03999996185303,219360.0,6190.0,2335.612001451761,581363.0,72.2423
SUR,Suriname,2020,230203.0,9.77799987792969,207694.0,4620.0,1635.6813277102929,586634.0,72.5615
TTO,Trinidad and Tobago,2000,577040.0,12.1000003814697,507218.0,5400.0,2161.5102761374064,1267159.0,69.1022
TTO,Trinidad and Tobago,2001,581765.0,10.8800001144409,518469.0,6070.0,2474.8663169309866,1271627.0,69.6462
TTO,Trinidad and Tobago,2002,593362.0,10.3900003433228,531712.0,6760.0,2814.2381597388057,1277210.0,70.4878
TTO,Trinidad and Tobago,2003,608514.0,10.4799995422363,544742.0,8070.0,3424.89189475554,1283564.0,69.729
TTO,Trinidad and Tobago,2004,630721.0,8.32999992370605,578182.0,9700.0,4347.1825379908,1290115.0,71.0756
TTO,Trinidad and Tobago,2005,645612.0,7.94999980926514,594286.0,11190.0,5129.252393179468,1296497.0,71.3077
TTO,Trinidad and Tobago,2006,653832.0,6.26999998092651,612837.0,13280.0,6248.100160300702,1302552.0,71.256
TTO,Trinidad and Tobago,2007,654625.0,5.53999996185303,618359.0,15000.0,7088.834116702969,1308450.0,71.6523
TTO,Trinidad and Tobago,2008,659933.0,4.63000011444092,629378.0,17350.0,8307.441597201565,1314449.0,71.4697
TTO,Trinidad and Tobago,2009,655800.0,5.28000020980835,621174.0,16200.0,7618.183676389428,1320921.0,73.126
TTO,Trinidad and Tobago,2010,640808.0,4.03000020980835,614983.0,16460.0,7621.62851317327,1328144.0,72.7254
TTO,Trinidad and Tobago,2011,635172.0,3.4300000667572,613386.0,14970.0,6872.119340208655,1336180.0,73.2779
TTO,Trinidad and Tobago,2012,651603.0,3.72000002861023,627363.0,16850.0,7860.616077762426,1344814.0,73.7159
TTO,Trinidad and Tobago,2013,652144.0,2.6800000667572,634667.0,18770.0,8800.051111465693,1353708.0,73.9623
TTO,Trinidad and Tobago,2014,663466.0,2.48000001907349,647012.0,18590.0,8828.911700996156,1362337.0,74.2152
TTO,Trinidad and Tobago,2015,651962.0,2.4300000667572,636119.0,19030.0,8833.877169912108,1370332.0,74.5032
TTO,Trinidad and Tobago,2016,648108.0,3.21000003814697,627304.0,16870.0,7682.130312733429,1377563.0,74.281
TTO,Trinidad and Tobago,2017,650760.0,3.27500009536743,629448.0,16120.0,7331.114084649509,1384060.0,74.2301
TTO,Trinidad and Tobago,2018,654191.0,3.33699989318848,632361.0,16120.0,7334.406827831385,1389841.0,73.8018
TTO,Trinidad and Tobago,2019,657766.0,3.42199993133545,635257.0,16740.0,7623.253405631236,1394969.0,74.2279
TTO,Trinidad and Tobago,2020,634920.0,4.56799983978271,605917.0,15910.0,6888.318302868686,1399491.0,74.4056
URY,Uruguay,2000,1507066.0,12.6300001144409,1316724.0,7060.0,2800.24587512132,3319734.0,75.0247
URY,Uruguay,2001,1547754.0,15.0500001907349,1314817.0,6500.0,2569.9549026288305,3325471.0,75.2851
URY,Uruguay,2002,1511033.0,16.6499996185303,1259446.0,5140.0,1946.320778485926,3326046.0,75.5399
URY,Uruguay,2003,1491186.0,16.6599998474121,1242754.0,4250.0,1589.1225067779176,3323661.0,75.7851
URY,Uruguay,2004,1503124.0,12.9799995422363,1308019.0,4130.0,1626.416149277763,3321486.0,76.0069
URY,Uruguay,2005,1508402.0,12.0100002288818,1327243.0,4720.0,1885.9018742554863,3321799.0,76.1935
URY,Uruguay,2006,1577935.0,10.8400001525879,1406887.0,5390.0,2280.3614870137544,3325403.0,76.3615
URY,Uruguay,2007,1634335.0,9.39999961853027,1480708.0,6390.0,2839.8636153400325,3331753.0,76.4981
URY,Uruguay,2008,1650449.0,8.02999973297119,1517918.0,7710.0,3503.7046291248394,3340221.0,76.623
URY,Uruguay,2009,1680923.0,7.73999977111816,1550820.0,8810.0,4078.819623151612,3349676.0,76.7384
URY,Uruguay,2010,1679916.0,7.15999984741211,1559634.0,10440.0,4847.054395400433,3359273.0,76.858
URY,Uruguay,2011,1736709.0,6.30999994277954,1627123.0,12060.0,5824.735651658719,3368926.0,76.9833
URY,Uruguay,2012,1725957.0,6.44999980926514,1614633.0,13330.0,6369.70024637649,3378975.0,77.111
URY,Uruguay,2013,1725619.0,6.44000005722046,1614489.0,15330.0,7302.134151522554,3389436.0,77.24
URY,Uruguay,2014,1763086.0,6.55000019073486,1647604.0,15790.0,7650.678974097168,3400439.0,77.3663
URY,Uruguay,2015,1748294.0,7.48999977111816,1617347.0,15620.0,7404.121889336295,3412013.0,77.4827
URY,Uruguay,2016,1749033.0,7.84000015258789,1611909.0,15440.0,7268.360005245114,3424139.0,77.5707
URY,Uruguay,2017,1745467.0,7.8899998664856,1607750.0,15920.0,7447.781193576875,3436645.0,77.6247
URY,Uruguay,2018,1743852.0,8.34000015258789,1598415.0,17280.0,8007.6222063091245,3449290.0,77.611
URY,Uruguay,2019,1744635.0,8.88000011444092,1589711.0,17770.0,8160.41583531476,3461731.0,77.5085
URY,Uruguay,2020,1686696.0,10.3500003814697,1512123.0,15740.0,6851.665666300201,3473727.0,78.4298
USA,United States,2000,146013784.0,3.99000000953674,140187834.0,35960.0,17866.14486590845,282162411.0,76.8114
USA,United States,2001,147226537.0,4.73000001907349,140262722.0,36700.0,18063.869088476673,284968955.0,76.9285
USA,United States,2002,148295437.0,5.78000020980835,139723960.0,37310.0,18124.63259294536,287625193.0,77.0005
USA,United States,2003,149003774.0,5.98999977111816,140078448.0,39750.0,19193.264556471124,290107933.0,77.1536
USA,United States,2004,150102997.0,5.53000020980835,141802301.0,43510.0,21071.40191332877,292805298.0,77.5581
USA,United States,2005,151976098.0,5.07999992370605,144255712.0,46180.0,22542.655142562737,295516599.0,77.5573
USA,United States,2006,153855509.0,4.61999988555908,146747385.0,47830.0,23523.458323662217,298379912.0,77.8386
USA,United States,2007,155224880.0,4.61999988555908,148053491.0,48500.0,23837.484784569482,301231207.0,78.1004
USA,United States,2008,156907793.0,5.78000020980835,147838522.0,49100.0,23870.488210213287,304093966.0,78.1958
USA,United States,2009,157079943.0,9.25,142550048.0,47870.0,22244.146384783966,306771529.0,78.564
USA,United States,2010,157111093.0,9.63000011444092,141981295.0,49150.0,22559.871667162424,309327143.0,78.7724
USA,United States,2011,157163170.0,8.94999980926514,143097067.0,50620.0,23247.61732647823,311583481.0,78.82
USA,United States,2012,157841889.0,8.06999969482422,145104049.0,52790.0,24404.548886661454,313877662.0,78.9441
USA,United States,2013,158252925.0,7.36999988555908,146589685.0,53990.0,25040.746757924375,316059947.0,78.9507
USA,United States,2014,158910317.0,6.17000007629395,149105550.0,55800.0,26132.056976604672,318386329.0,79.0175
USA,United States,2015,159912569.0,5.28000020980835,151469185.0,56620.0,26738.82943805704,320738994.0,78.8694
USA,United States,2016,161836238.0,4.86999988555908,153954813.0,57140.0,27229.1770440285,323071755.0,78.8482
USA,United States,2017,163395307.0,4.3600001335144,156271271.0,59250.0,28478.753087978064,325122128.0,78.8213
USA,United States,2018,164634753.0,3.90000009536743,158213997.0,63490.0,30733.882086805894,326838199.0,78.9896
USA,United States,2019,166355636.0,3.67000007629395,160250384.0,65970.0,32198.45687511794,328329953.0,79.138
USA,United States,2020,164740393.0,8.05000019073486,151478791.0,64140.0,29308.651587922428,331501080.0,77.4144
VCT,St. Vincent and the Grenadines,2000,46844.0,20.9549999237061,37028.0,3570.0,1226.3998441370481,107787.0,71.3772
VCT,St. Vincent and the Grenadines,2001,47375.0,21.1000003814697,37379.0,3850.0,1333.8135930968645,107893.0,71.9378
VCT,St. Vincent and the Grenadines,2002,48052.0,20.5919990539551,38157.0,4210.0,1486.1091632360424,108095.0,72.1682
VCT,St. Vincent and the Grenadines,2003,48757.0,20.2129993438721,38902.0,4620.0,1659.1942541681283,108322.0,72.3523
VCT,St. Vincent and the Grenadines,2004,49339.0,20.0189990997314,39462.0,4990.0,1814.5538149649833,108520.0,73.035
VCT,St. Vincent and the Grenadines,2005,49814.0,19.7509994506836,39975.0,5240.0,1928.5102700313946,108617.0,73.5161
VCT,St. Vincent and the Grenadines,2006,50411.0,19.2329998016357,40715.0,5750.0,2155.6808346070975,108602.0,74.0166
VCT,St. Vincent and the Grenadines,2007,50803.0,19.0590000152588,41120.0,6200.0,2349.3678351579492,108516.0,74.7028
VCT,St. Vincent and the Grenadines,2008,51129.0,18.7900009155273,41522.0,6530.0,2501.2560769734596,108401.0,75.0526
VCT,St. Vincent and the Grenadines,2009,51407.0,18.9629993438721,41659.0,6660.0,2562.020998587166,108293.0,75.0826
VCT,St. Vincent and the Grenadines,2010,51746.0,19.0499992370605,41888.0,6410.0,2480.1596157398853,108260.0,74.7184
VCT,St. Vincent and the Grenadines,2011,51976.0,18.988000869751,42107.0,6450.0,2507.410330979089,108315.0,74.5958
VCT,St. Vincent and the Grenadines,2012,52364.0,18.9650001525879,42433.0,6740.0,2637.510213491954,108435.0,74.1463
VCT,St. Vincent and the Grenadines,2013,52844.0,18.9899997711182,42809.0,6950.0,2739.0130173810576,108624.0,73.7976
VCT,St. Vincent and the Grenadines,2014,53327.0,19.05299949646,43167.0,6790.0,2692.2872653121212,108868.0,74.473
VCT,St. Vincent and the Grenadines,2015,53786.0,19.0900001525879,43518.0,6980.0,2783.301782196362,109135.0,74.4071
VCT,St. Vincent and the Grenadines,2016,54253.0,19.1100006103516,43885.0,7290.0,2922.5396694894353,109467.0,74.2799
VCT,St. Vincent and the Grenadines,2017,54747.0,19.181999206543,44245.0,7460.0,3005.369402509424,109826.0,74.3052
VCT,St. Vincent and the Grenadines,2018,55279.0,19.1800003051758,44676.0,7990.0,3238.9187913982396,110210.0,74.1279
VCT,St. Vincent and the Grenadines,2019,55720.0,19.2800006866455,44977.0,8140.0,3310.451656072265,110593.0,72.8347
VCT,St. Vincent and the Grenadines,2020,54945.0,21.0020008087158,43405.0,7790.0,3047.6258934446178,110947.0,72.1256
VEN,"Venezuela, RB",2000,10202994.0,13.9899997711182,8775595.0,4120.0,1494.4932362986483,24192449.0,72.4775
VEN,"Venezuela, RB",2001,10488958.0,13.039999961853,9121198.0,4600.0,1702.373974756873,24646471.0,71.2015
VEN,"Venezuela, RB",2002,10554345.0,16.1700000762939,8847707.0,3990.0,1406.4453588342212,25100407.0,72.6618
VEN,"Venezuela, RB",2003,10634723.0,16.7800006866455,8850216.0,3490.0,1208.81764071043,25551624.0,71.9402
VEN,"Venezuela, RB",2004,11185252.0,15.0699996948242,9499635.0,4110.0,1501.8698160997553,25996594.0,72.514
VEN,"Venezuela, RB",2005,11606475.0,10.6599998474121,10369225.0,4980.0,1953.6119530372616,26432445.0,72.7825
VEN,"Venezuela, RB",2006,11963899.0,8.60999965667725,10933807.0,6130.0,2496.2295205359815,26850190.0,72.7418
VEN,"Venezuela, RB",2007,12124615.0,7.28000020980835,11241943.0,7630.0,3148.0211813876754,27247601.0,73.0583
VEN,"Venezuela, RB",2008,12336408.0,6.25,11565382.0,9400.0,3933.8280269304046,27635827.0,72.436
VEN,"Venezuela, RB",2009,12525010.0,6.09999990463257,11760984.0,10380.0,4355.141463686111,28031010.0,72.5788
VEN,"Venezuela, RB",2010,12728031.0,7.1100001335144,11823068.0,11810.0,4909.65955837744,28439942.0,72.8901
VEN,"Venezuela, RB",2011,12941283.0,6.90000009536743,12048334.0,11980.0,4996.527135106139,28887873.0,72.913
VEN,"Venezuela, RB",2012,13095403.0,6.59999990463257,12231106.0,12710.0,5294.719977063316,29360827.0,73.0364
VEN,"Venezuela, RB",2013,13607727.0,7.53999996185303,12581704.0,11970.0,5057.008302529065,29781046.0,73.1962
VEN,"Venezuela, RB",2014,13557468.0,6.86399984359741,12626883.0,13080.0,5497.446262725064,30042973.0,72.8533
VEN,"Venezuela, RB",2015,13416397.0,6.07999992370605,12600680.0,13080.0,5478.952272413508,30081827.0,73.0064
VEN,"Venezuela, RB",2016,13109698.0,5.32000017166138,12412262.0,13080.0,5438.713367068828,29851249.0,72.0578
VEN,"Venezuela, RB",2017,12606669.0,5.05000019073486,11970032.0,13080.0,5324.993625027549,29402480.0,71.943
VEN,"Venezuela, RB",2018,11984547.0,5.02199983596802,11382683.0,13080.0,5154.044747352254,28887117.0,71.9788
VEN,"Venezuela, RB",2019,10920757.0,5.09600019454956,10364235.0,13080.0,4753.997991782038,28515829.0,72.1614
VEN,"Venezuela, RB",2020,10459875.0,6.6269998550415,9766699.0,13080.0,4492.498206231458,28435943.0,71.0949
